dataset,seed,method,ensemble_type,ensemble_size,ensemble_unique_size,nll_test,c1,c2,epi_scalar,path,threshold,set_size,auc
imdb,0,convex_comb,greedy_unique_5_baseline,5,5,0.1272464990615844,,,,llm_experiments_data/arrays/imdb_0_convex_comb_greedy_unique_5_baseline_2025-04-20.npz,0.9610249264065008,1.23224,0.9878506976
imdb,0,convex_comb,greedy_50_baseline,50,21,0.1241413652896881,,,,llm_experiments_data/arrays/imdb_0_convex_comb_greedy_50_baseline_2025-04-20.npz,0.9610249264065008,1.18272,0.9885623743999999
imdb,0,convex_comb,greedy_50_temp_baseline,50,21,0.1240801736712455,1.0163265306122449,,,llm_experiments_data/arrays/imdb_0_convex_comb_greedy_50_temp_baseline_2025-04-20.npz,0.9579239491627013,1.17896,0.9885623616
imdb,0,convex_comb,greedy_unique_5_temp_baseline,5,5,0.1268142312765121,0.9612244897959183,,,llm_experiments_data/arrays/imdb_0_convex_comb_greedy_unique_5_temp_baseline_2025-04-20.npz,0.9638973636691187,1.2228,0.9878506976
imdb,0,convex_comb,greedy_unique_5_post_calib,5,5,0.1267390698194503,0.8950270720533111,0.0,1.0,llm_experiments_data/arrays/imdb_0_convex_comb_greedy_unique_5_post_calib_2025-04-20.npz,0.9665581041966967,1.23296,0.9877239552000001
imdb,0,convex_comb,greedy_50_post_calib,50,21,0.1242452710866928,0.9651478550603916,0.0489795918367346,1.0,llm_experiments_data/arrays/imdb_0_convex_comb_greedy_50_post_calib_2025-04-20.npz,0.9579239491627013,1.1818,0.9884925280000001
imdb,0,convex_comb,greedy_50_calib_once,22,18,0.1237528547644615,1.6980924614743858,0.1039566847147022,1.0,llm_experiments_data/arrays/imdb_0_convex_comb_greedy_50_calib_once_2025-04-20.npz,0.9690227498992263,1.16112,0.9895286047999999
imdb,0,convex_comb,greedy_50_calib_every_step,13,13,0.1255404353141784,1.9057059558517289,0.1179508538109121,1.0,llm_experiments_data/arrays/imdb_0_convex_comb_greedy_50_calib_every_step_2025-04-20.npz,0.9753793916128501,1.1614,0.9903008544
imdb,0,pure_logits,greedy_unique_5_baseline,5,5,0.1272464990615844,,,,llm_experiments_data/arrays/imdb_0_pure_logits_greedy_unique_5_baseline_2025-04-20.npz,0.9610249264065008,1.23224,0.9878506976
imdb,0,pure_logits,greedy_50_baseline,50,21,0.1241413652896881,,,,llm_experiments_data/arrays/imdb_0_pure_logits_greedy_50_baseline_2025-04-20.npz,0.9610249264065008,1.18272,0.9885623743999999
imdb,0,pure_logits,greedy_50_temp_baseline,50,21,0.1240801736712455,1.0163265306122449,,,llm_experiments_data/arrays/imdb_0_pure_logits_greedy_50_temp_baseline_2025-04-20.npz,0.9579239491627013,1.17896,0.9885623616
imdb,0,pure_logits,greedy_unique_5_temp_baseline,5,5,0.1268142312765121,0.9612244897959183,,,llm_experiments_data/arrays/imdb_0_pure_logits_greedy_unique_5_temp_baseline_2025-04-20.npz,0.9638973636691187,1.2228,0.9878506976
imdb,0,pure_logits,greedy_unique_5_post_calib,5,5,0.1263979226350784,1.0701541024573094,0.9062890462307372,1.0,llm_experiments_data/arrays/imdb_0_pure_logits_greedy_unique_5_post_calib_2025-04-20.npz,0.9690227498992263,1.22192,0.988357104
imdb,0,pure_logits,greedy_50_post_calib,50,21,0.1241735741496086,0.9886880466472304,0.9995835068721366,1.0,llm_experiments_data/arrays/imdb_0_pure_logits_greedy_50_post_calib_2025-04-20.npz,0.9610249264065008,1.18204,0.988554496
imdb,0,pure_logits,greedy_50_calib_once,14,13,0.1230600401759147,1.330445647646814,2.8454810495626823,1.0,llm_experiments_data/arrays/imdb_0_pure_logits_greedy_50_calib_once_2025-04-20.npz,0.9428485727976632,1.16444,0.9894475392000001
imdb,0,pure_logits,greedy_50_calib_every_step,20,17,0.1225338503718376,1.1127363598500624,3.0737192836318203,1.0,llm_experiments_data/arrays/imdb_0_pure_logits_greedy_50_calib_every_step_2025-04-20.npz,0.9428485727976632,1.16228,0.9893668544
imdb,1,convex_comb,greedy_unique_5_baseline,5,5,0.1270262897014618,,,,llm_experiments_data/arrays/imdb_1_convex_comb_greedy_unique_5_baseline_2025-04-20.npz,0.9610249264065008,1.2306,0.9879076705361097
imdb,1,convex_comb,greedy_50_baseline,50,22,0.1241896897554397,,,,llm_experiments_data/arrays/imdb_1_convex_comb_greedy_50_baseline_2025-04-20.npz,0.9579239491627013,1.18448,0.9887257949889215
imdb,1,convex_comb,greedy_50_temp_baseline,50,22,0.1241727024316787,1.0163265306122449,,,llm_experiments_data/arrays/imdb_1_convex_comb_greedy_50_temp_baseline_2025-04-20.npz,0.9579239491627013,1.19088,0.988725791788898
imdb,1,convex_comb,greedy_unique_5_temp_baseline,5,5,0.126593217253685,0.9612244897959183,,,llm_experiments_data/arrays/imdb_1_convex_comb_greedy_unique_5_temp_baseline_2025-04-20.npz,0.9638973636691187,1.22088,0.9879076577360151
imdb,1,convex_comb,greedy_unique_5_post_calib,5,5,0.1265934556722641,0.9246147438567264,0.0,1.0,llm_experiments_data/arrays/imdb_1_convex_comb_greedy_unique_5_post_calib_2025-04-20.npz,0.9638973636691187,1.22548,0.9877977721230373
imdb,1,convex_comb,greedy_50_post_calib,50,22,0.1241850852966308,1.0038817159516868,0.0,1.0,llm_experiments_data/arrays/imdb_1_convex_comb_greedy_50_post_calib_2025-04-20.npz,0.9579239491627013,1.1846,0.9887287422107264
imdb,1,convex_comb,greedy_50_calib_once,27,18,0.1257619559764862,1.8747188671386923,0.197917534360683,1.0,llm_experiments_data/arrays/imdb_1_convex_comb_greedy_50_calib_once_2025-04-20.npz,0.9753793916128501,1.1726,0.9895929118041987
imdb,1,convex_comb,greedy_50_calib_every_step,27,19,0.1245298832654953,1.6707038733860893,0.1544356518117451,1.0,llm_experiments_data/arrays/imdb_1_convex_comb_greedy_50_calib_every_step_2025-04-20.npz,0.9690227498992263,1.1746,0.9893599276804889
imdb,1,pure_logits,greedy_unique_5_baseline,5,5,0.1270262897014618,,,,llm_experiments_data/arrays/imdb_1_pure_logits_greedy_unique_5_baseline_2025-04-20.npz,0.9610249264065008,1.2306,0.9879076705361097
imdb,1,pure_logits,greedy_50_baseline,50,22,0.1241896897554397,,,,llm_experiments_data/arrays/imdb_1_pure_logits_greedy_50_baseline_2025-04-20.npz,0.9579239491627013,1.18448,0.9887257949889215
imdb,1,pure_logits,greedy_50_temp_baseline,50,22,0.1241727024316787,1.0163265306122449,,,llm_experiments_data/arrays/imdb_1_pure_logits_greedy_50_temp_baseline_2025-04-20.npz,0.9579239491627013,1.19088,0.988725791788898
imdb,1,pure_logits,greedy_unique_5_temp_baseline,5,5,0.126593217253685,0.9612244897959183,,,llm_experiments_data/arrays/imdb_1_pure_logits_greedy_unique_5_temp_baseline_2025-04-20.npz,0.9638973636691187,1.22088,0.9879076577360151
imdb,1,pure_logits,greedy_unique_5_post_calib,5,5,0.1262862235307693,1.3124531445231151,0.7730112453144523,1.0,llm_experiments_data/arrays/imdb_1_pure_logits_greedy_unique_5_post_calib_2025-04-20.npz,0.9690227498992263,1.196,0.9894514195573825
imdb,1,pure_logits,greedy_50_post_calib,50,22,0.1241556704044342,0.9651478550603916,1.0162432319866723,1.0,llm_experiments_data/arrays/imdb_1_pure_logits_greedy_50_post_calib_2025-04-20.npz,0.9579239491627013,1.18792,0.9886949979610727
imdb,1,pure_logits,greedy_50_calib_once,26,18,0.1226887330412864,1.4077634319033736,2.868804664723032,1.0,llm_experiments_data/arrays/imdb_1_pure_logits_greedy_50_calib_once_2025-04-20.npz,0.954576248590888,1.16904,0.9892915623746952
imdb,1,pure_logits,greedy_50_calib_every_step,34,21,0.1232841685414314,1.4393002915451896,2.2357351103706797,1.0,llm_experiments_data/arrays/imdb_1_pure_logits_greedy_50_calib_every_step_2025-04-20.npz,0.9579239491627013,1.16112,0.9893914735138777
imdb,2,convex_comb,greedy_unique_5_baseline,5,5,0.1384223103523254,,,,llm_experiments_data/arrays/imdb_2_convex_comb_greedy_unique_5_baseline_2025-04-20.npz,0.9509621946209896,1.24256,0.9866834186773878
imdb,2,convex_comb,greedy_50_baseline,50,21,0.1249853745102882,,,,llm_experiments_data/arrays/imdb_2_convex_comb_greedy_50_baseline_2025-04-20.npz,0.947060595353925,1.17428,0.9887088663736744
imdb,2,convex_comb,greedy_50_temp_baseline,50,21,0.1251706480979919,1.0163265306122449,,,llm_experiments_data/arrays/imdb_2_convex_comb_greedy_50_temp_baseline_2025-04-20.npz,0.9428485727976632,1.16656,0.9887088695736764
imdb,2,convex_comb,greedy_unique_5_temp_baseline,5,5,0.1362000554800033,0.9061224489795918,,,llm_experiments_data/arrays/imdb_2_convex_comb_greedy_unique_5_temp_baseline_2025-04-20.npz,0.9610249264065008,1.23392,0.986683418677388
imdb,2,convex_comb,greedy_unique_5_post_calib,5,5,0.1368316859006881,0.8683881715951687,0.0,1.0,llm_experiments_data/arrays/imdb_2_convex_comb_greedy_unique_5_post_calib_2025-04-20.npz,0.9610249264065008,1.24352,0.9865667850027423
imdb,2,convex_comb,greedy_50_post_calib,50,21,0.1250255107879638,1.0121782590587256,0.0,1.0,llm_experiments_data/arrays/imdb_2_convex_comb_greedy_50_post_calib_2025-04-20.npz,0.947060595353925,1.17584,0.9887166135786327
imdb,2,convex_comb,greedy_50_calib_once,19,15,0.1252444088459015,1.809645980841316,0.051478550603915,1.0,llm_experiments_data/arrays/imdb_2_convex_comb_greedy_50_calib_once_2025-04-20.npz,0.9638973636691187,1.15064,0.989556620516237
imdb,2,convex_comb,greedy_50_calib_every_step,12,12,0.1270406395196914,2.032753019575177,0.0539775093710953,1.0,llm_experiments_data/arrays/imdb_2_convex_comb_greedy_50_calib_every_step_2025-04-20.npz,0.9665581041966967,1.15388,0.9895573821167245
imdb,2,pure_logits,greedy_unique_5_baseline,5,5,0.1384223103523254,,,,llm_experiments_data/arrays/imdb_2_pure_logits_greedy_unique_5_baseline_2025-04-20.npz,0.9509621946209896,1.24256,0.9866834186773878
imdb,2,pure_logits,greedy_50_baseline,50,21,0.1249853745102882,,,,llm_experiments_data/arrays/imdb_2_pure_logits_greedy_50_baseline_2025-04-20.npz,0.947060595353925,1.17428,0.9887088663736744
imdb,2,pure_logits,greedy_50_temp_baseline,50,21,0.1251706480979919,1.0163265306122449,,,llm_experiments_data/arrays/imdb_2_pure_logits_greedy_50_temp_baseline_2025-04-20.npz,0.9428485727976632,1.16656,0.9887088695736764
imdb,2,pure_logits,greedy_unique_5_temp_baseline,5,5,0.1362000554800033,0.9061224489795918,,,llm_experiments_data/arrays/imdb_2_pure_logits_greedy_unique_5_temp_baseline_2025-04-20.npz,0.9610249264065008,1.23392,0.986683418677388
imdb,2,pure_logits,greedy_unique_5_post_calib,5,5,0.1345534473657608,1.265472719700125,0.6547271970012495,1.0,llm_experiments_data/arrays/imdb_2_pure_logits_greedy_unique_5_post_calib_2025-04-20.npz,0.9610249264065008,1.2062,0.9879613138952409
imdb,2,pure_logits,greedy_50_post_calib,50,21,0.1247840598225593,1.1875052061640985,0.9129529362765514,1.0,llm_experiments_data/arrays/imdb_2_pure_logits_greedy_50_post_calib_2025-04-20.npz,0.947060595353925,1.15708,0.9889449945247965
imdb,2,pure_logits,greedy_50_calib_once,31,17,0.1248313933610916,1.1311286963765097,3.4835485214493964,1.0,llm_experiments_data/arrays/imdb_2_pure_logits_greedy_50_calib_once_2025-04-20.npz,0.9333924998066478,1.16564,0.9889761433447317
imdb,2,pure_logits,greedy_50_calib_every_step,22,15,0.1243100762367248,1.075801749271137,3.65847563515202,1.0,llm_experiments_data/arrays/imdb_2_pure_logits_greedy_50_calib_every_step_2025-04-20.npz,0.9383014287164605,1.17196,0.9887160375782641
imdb,3,convex_comb,greedy_unique_5_baseline,5,5,0.1308992207050323,,,,llm_experiments_data/arrays/imdb_3_convex_comb_greedy_unique_5_baseline_2025-04-20.npz,0.9610249264065008,1.233,0.9872248545598752
imdb,3,convex_comb,greedy_50_baseline,50,20,0.1263695061206817,,,,llm_experiments_data/arrays/imdb_3_convex_comb_greedy_50_baseline_2025-04-20.npz,0.9690227498992263,1.18192,0.9885251149485965
imdb,3,convex_comb,greedy_50_temp_baseline,50,20,0.1261262595653534,1.0163265306122449,,,llm_experiments_data/arrays/imdb_3_convex_comb_greedy_50_temp_baseline_2025-04-20.npz,0.9690227498992263,1.1914,0.9885251149485966
imdb,3,convex_comb,greedy_unique_5_temp_baseline,5,5,0.1308252960443496,0.9061224489795918,,,llm_experiments_data/arrays/imdb_3_convex_comb_greedy_unique_5_temp_baseline_2025-04-20.npz,0.9713057528362042,1.23032,0.9872248545598753
imdb,3,convex_comb,greedy_unique_5_post_calib,5,5,0.1306636780500412,0.8186588921282799,0.0489795918367346,1.0,llm_experiments_data/arrays/imdb_3_convex_comb_greedy_unique_5_post_calib_2025-04-20.npz,0.9690227498992263,1.23244,0.9870314540791956
imdb,3,convex_comb,greedy_50_post_calib,50,20,0.126663938164711,0.949454394002499,0.073469387755102,1.0,llm_experiments_data/arrays/imdb_3_convex_comb_greedy_50_post_calib_2025-04-20.npz,0.9665581041966967,1.1914,0.9884149409633008
imdb,3,convex_comb,greedy_50_calib_once,20,17,0.128183513879776,1.809645980841316,0.146938775510204,1.0,llm_experiments_data/arrays/imdb_3_convex_comb_greedy_50_calib_once_2025-04-20.npz,0.9804316278758956,1.1758,0.9898480443812008
imdb,3,convex_comb,greedy_50_calib_every_step,20,16,0.128837764263153,1.7658642232403166,0.1664306538942107,1.0,llm_experiments_data/arrays/imdb_3_convex_comb_greedy_50_calib_every_step_2025-04-20.npz,0.9804316278758956,1.17948,0.9894984118197137
imdb,3,pure_logits,greedy_unique_5_baseline,5,5,0.1308992207050323,,,,llm_experiments_data/arrays/imdb_3_pure_logits_greedy_unique_5_baseline_2025-04-20.npz,0.9610249264065008,1.233,0.9872248545598752
imdb,3,pure_logits,greedy_50_baseline,50,20,0.1263695061206817,,,,llm_experiments_data/arrays/imdb_3_pure_logits_greedy_50_baseline_2025-04-20.npz,0.9690227498992263,1.18192,0.9885251149485965
imdb,3,pure_logits,greedy_50_temp_baseline,50,20,0.1261262595653534,1.0163265306122449,,,llm_experiments_data/arrays/imdb_3_pure_logits_greedy_50_temp_baseline_2025-04-20.npz,0.9690227498992263,1.1914,0.9885251149485966
imdb,3,pure_logits,greedy_unique_5_temp_baseline,5,5,0.1308252960443496,0.9061224489795918,,,llm_experiments_data/arrays/imdb_3_pure_logits_greedy_unique_5_temp_baseline_2025-04-20.npz,0.9713057528362042,1.23032,0.9872248545598753
imdb,3,pure_logits,greedy_unique_5_post_calib,5,5,0.130712553858757,1.0224739691795086,0.9062890462307372,1.0,llm_experiments_data/arrays/imdb_3_pure_logits_greedy_unique_5_post_calib_2025-04-20.npz,0.9734204999598582,1.2268,0.9877056693326729
imdb,3,pure_logits,greedy_50_post_calib,50,20,0.126470685005188,1.0828488129945857,0.9662640566430654,1.0,llm_experiments_data/arrays/imdb_3_pure_logits_greedy_50_post_calib_2025-04-20.npz,0.9713057528362042,1.19008,0.9886455898447137
imdb,3,pure_logits,greedy_50_calib_once,22,14,0.125908225774765,1.3963182007496877,2.620574760516451,1.0,llm_experiments_data/arrays/imdb_3_pure_logits_greedy_50_calib_once_2025-04-20.npz,0.9665581041966967,1.17352,0.9896297252324359
imdb,3,pure_logits,greedy_50_calib_every_step,20,15,0.1265313327312469,1.3182007496876302,2.3590170762182425,1.0,llm_experiments_data/arrays/imdb_3_pure_logits_greedy_50_calib_every_step_2025-04-20.npz,0.9690227498992263,1.17848,0.9894132877039143
imdb,4,convex_comb,greedy_unique_5_baseline,5,5,0.1434182375669479,,,,llm_experiments_data/arrays/imdb_4_convex_comb_greedy_unique_5_baseline_2025-04-20.npz,0.992191306592376,1.25752,0.9861034289769911
imdb,4,convex_comb,greedy_50_baseline,50,21,0.1295195668935775,,,,llm_experiments_data/arrays/imdb_4_convex_comb_greedy_50_baseline_2025-04-20.npz,0.9734204999598582,1.18728,0.9884251572147362
imdb,4,convex_comb,greedy_50_temp_baseline,50,21,0.1278975158929824,1.0714285714285714,,,llm_experiments_data/arrays/imdb_4_convex_comb_greedy_50_temp_baseline_2025-04-20.npz,0.9665581041966967,1.18776,0.9884251572147361
imdb,4,convex_comb,greedy_unique_5_temp_baseline,5,5,0.1366505622863769,1.1816326530612244,,,llm_experiments_data/arrays/imdb_4_convex_comb_greedy_unique_5_temp_baseline_2025-04-20.npz,0.9844471273184587,1.2654,0.986103448176993
imdb,4,convex_comb,greedy_unique_5_post_calib,5,5,0.1342167854309082,1.352436484798001,0.0,1.0,llm_experiments_data/arrays/imdb_4_convex_comb_greedy_unique_5_post_calib_2025-04-20.npz,0.9788747077456621,1.24436,0.9867844786467306
imdb,4,convex_comb,greedy_50_post_calib,50,21,0.1290177553892135,1.0453644314868804,0.0489795918367346,1.0,llm_experiments_data/arrays/imdb_4_convex_comb_greedy_50_post_calib_2025-04-20.npz,0.9690227498992263,1.17816,0.9884471892169922
imdb,4,convex_comb,greedy_50_calib_once,26,16,0.1291943937540054,1.809645980841316,0.073469387755102,1.0,llm_experiments_data/arrays/imdb_4_convex_comb_greedy_50_calib_once_2025-04-20.npz,0.9804316278758956,1.16516,0.9896007925351211
imdb,4,convex_comb,greedy_50_calib_every_step,24,17,0.1282742172479629,1.573744273219492,0.073469387755102,1.0,llm_experiments_data/arrays/imdb_4_convex_comb_greedy_50_calib_every_step_2025-04-20.npz,0.9771939142407526,1.1712,0.9889409748675557
imdb,4,pure_logits,greedy_unique_5_baseline,5,5,0.1434182375669479,,,,llm_experiments_data/arrays/imdb_4_pure_logits_greedy_unique_5_baseline_2025-04-20.npz,0.992191306592376,1.25752,0.9861034289769911
imdb,4,pure_logits,greedy_50_baseline,50,21,0.1295195668935775,,,,llm_experiments_data/arrays/imdb_4_pure_logits_greedy_50_baseline_2025-04-20.npz,0.9734204999598582,1.18728,0.9884251572147362
imdb,4,pure_logits,greedy_50_temp_baseline,50,21,0.1278975158929824,1.0714285714285714,,,llm_experiments_data/arrays/imdb_4_pure_logits_greedy_50_temp_baseline_2025-04-20.npz,0.9665581041966967,1.18776,0.9884251572147361
imdb,4,pure_logits,greedy_unique_5_temp_baseline,5,5,0.1366505622863769,1.1816326530612244,,,llm_experiments_data/arrays/imdb_4_pure_logits_greedy_unique_5_temp_baseline_2025-04-20.npz,0.9844471273184587,1.2654,0.986103448176993
imdb,4,pure_logits,greedy_unique_5_post_calib,5,5,0.1334708333015442,1.5106705539358602,0.7663473552686381,1.0,llm_experiments_data/arrays/imdb_4_pure_logits_greedy_unique_5_post_calib_2025-04-20.npz,0.9788747077456621,1.22292,0.9878543731562878
imdb,4,pure_logits,greedy_50_post_calib,50,21,0.1289136707782745,0.995585172844648,1.0329029571012078,1.0,llm_experiments_data/arrays/imdb_4_pure_logits_greedy_50_post_calib_2025-04-20.npz,0.9713057528362042,1.19232,0.9883557844076324
imdb,4,pure_logits,greedy_50_calib_once,18,12,0.12814661860466,1.1285797584339858,3.358600583090379,1.0,llm_experiments_data/arrays/imdb_4_pure_logits_greedy_50_calib_once_2025-04-20.npz,0.9665581041966967,1.17648,0.9881219219836848
imdb,4,pure_logits,greedy_50_calib_every_step,15,12,0.127146378159523,0.9872886297376092,3.1236984589754275,1.0,llm_experiments_data/arrays/imdb_4_pure_logits_greedy_50_calib_every_step_2025-04-20.npz,0.9638973636691187,1.1648,0.988239365195711
mteb/tweet_sentiment_extraction,0,convex_comb,greedy_unique_5_baseline,5,5,0.5419113039970398,,,,llm_experiments_data/arrays/mteb_tweet_sentiment_extraction_0_convex_comb_greedy_unique_5_baseline_2025-04-20.npz,0.9866551233980249,2.352574985851726,0.9200405992173505
mteb/tweet_sentiment_extraction,0,convex_comb,greedy_50_baseline,50,26,0.5077022314071655,,,,llm_experiments_data/arrays/mteb_tweet_sentiment_extraction_0_convex_comb_greedy_50_baseline_2025-04-20.npz,0.9734204999598582,2.2173174872665533,0.9284023880126302
mteb/tweet_sentiment_extraction,0,convex_comb,greedy_50_temp_baseline,50,26,0.5073590278625488,1.0163265306122449,,,llm_experiments_data/arrays/mteb_tweet_sentiment_extraction_0_convex_comb_greedy_50_temp_baseline_2025-04-20.npz,0.9713057528362042,2.210526315789474,0.9284016779993044
mteb/tweet_sentiment_extraction,0,convex_comb,greedy_unique_5_temp_baseline,5,5,0.5396257042884827,1.0714285714285714,,,llm_experiments_data/arrays/mteb_tweet_sentiment_extraction_0_convex_comb_greedy_unique_5_temp_baseline_2025-04-20.npz,0.9832096927272072,2.3636106395019807,0.9199894908756591
mteb/tweet_sentiment_extraction,0,convex_comb,greedy_unique_5_post_calib,5,5,0.5348957180976868,1.231686797167847,0.0,1.0,llm_experiments_data/arrays/mteb_tweet_sentiment_extraction_0_convex_comb_greedy_unique_5_post_calib_2025-04-20.npz,0.9734204999598582,2.316072439162422,0.9208950442112602
mteb/tweet_sentiment_extraction,0,convex_comb,greedy_50_post_calib,50,26,0.5072115659713745,1.0583090379008746,0.0,1.0,llm_experiments_data/arrays/mteb_tweet_sentiment_extraction_0_convex_comb_greedy_50_post_calib_2025-04-20.npz,0.9690227498992263,2.183927560837578,0.9285380386142132
mteb/tweet_sentiment_extraction,0,convex_comb,greedy_50_calib_once,12,12,0.5144015550613403,2.054843815077051,0.0,1.0,llm_experiments_data/arrays/mteb_tweet_sentiment_extraction_0_convex_comb_greedy_50_calib_once_2025-04-20.npz,0.9610249264065008,2.2410865874363326,0.9291031059675433
mteb/tweet_sentiment_extraction,0,convex_comb,greedy_50_calib_every_step,20,17,0.5087190270423889,1.5481549354435653,0.0,1.0,llm_experiments_data/arrays/mteb_tweet_sentiment_extraction_0_convex_comb_greedy_50_calib_every_step_2025-04-20.npz,0.9690227498992263,2.1949632144878324,0.9294601176922134
mteb/tweet_sentiment_extraction,0,pure_logits,greedy_unique_5_baseline,5,5,0.5419113039970398,,,,llm_experiments_data/arrays/mteb_tweet_sentiment_extraction_0_pure_logits_greedy_unique_5_baseline_2025-04-20.npz,0.9866551233980249,2.352574985851726,0.9200405992173505
mteb/tweet_sentiment_extraction,0,pure_logits,greedy_50_baseline,50,26,0.5077022314071655,,,,llm_experiments_data/arrays/mteb_tweet_sentiment_extraction_0_pure_logits_greedy_50_baseline_2025-04-20.npz,0.9734204999598582,2.2173174872665533,0.9284023880126302
mteb/tweet_sentiment_extraction,0,pure_logits,greedy_50_temp_baseline,50,26,0.5073590278625488,1.0163265306122449,,,llm_experiments_data/arrays/mteb_tweet_sentiment_extraction_0_pure_logits_greedy_50_temp_baseline_2025-04-20.npz,0.9713057528362042,2.210526315789474,0.9284016779993044
mteb/tweet_sentiment_extraction,0,pure_logits,greedy_unique_5_temp_baseline,5,5,0.5396257042884827,1.0714285714285714,,,llm_experiments_data/arrays/mteb_tweet_sentiment_extraction_0_pure_logits_greedy_unique_5_temp_baseline_2025-04-20.npz,0.9832096927272072,2.3636106395019807,0.9199894908756591
mteb/tweet_sentiment_extraction,0,pure_logits,greedy_unique_5_post_calib,5,5,0.5301840305328369,1.3603831736776342,0.7530195751770096,1.0,llm_experiments_data/arrays/mteb_tweet_sentiment_extraction_0_pure_logits_greedy_unique_5_post_calib_2025-04-20.npz,0.9665581041966967,2.238539898132428,0.9222720802630114
mteb/tweet_sentiment_extraction,0,pure_logits,greedy_50_post_calib,50,26,0.5067362785339355,1.153219491878384,0.932944606413994,1.0,llm_experiments_data/arrays/mteb_tweet_sentiment_extraction_0_pure_logits_greedy_50_post_calib_2025-04-20.npz,0.9690227498992263,2.1907187323146577,0.9288870641711057
mteb/tweet_sentiment_extraction,0,pure_logits,greedy_50_calib_once,24,20,0.5092896223068237,1.7804581424406498,1.799250312369846,1.0,llm_experiments_data/arrays/mteb_tweet_sentiment_extraction_0_pure_logits_greedy_50_calib_once_2025-04-20.npz,0.9665581041966967,2.2405206564799096,0.9292487823901711
mteb/tweet_sentiment_extraction,0,pure_logits,greedy_50_calib_every_step,20,18,0.5079548954963684,1.5060724698042485,1.639316951270304,1.0,llm_experiments_data/arrays/mteb_tweet_sentiment_extraction_0_pure_logits_greedy_50_calib_every_step_2025-04-20.npz,0.9713057528362042,2.257215619694397,0.9293078686545136
mteb/tweet_sentiment_extraction,1,convex_comb,greedy_unique_5_baseline,5,5,0.5260146856307983,,,,llm_experiments_data/arrays/mteb_tweet_sentiment_extraction_1_convex_comb_greedy_unique_5_baseline_2025-04-20.npz,0.9844471273184587,2.2917374080362194,0.9231858710616615
mteb/tweet_sentiment_extraction,1,convex_comb,greedy_50_baseline,50,26,0.4963533878326416,,,,llm_experiments_data/arrays/mteb_tweet_sentiment_extraction_1_convex_comb_greedy_50_baseline_2025-04-20.npz,0.9610249264065008,2.0996038483305037,0.9304570595439229
mteb/tweet_sentiment_extraction,1,convex_comb,greedy_50_temp_baseline,50,26,0.4962351024150848,1.0163265306122449,,,llm_experiments_data/arrays/mteb_tweet_sentiment_extraction_1_convex_comb_greedy_50_temp_baseline_2025-04-20.npz,0.9610249264065008,2.113469156762875,0.9304559260480545
mteb/tweet_sentiment_extraction,1,convex_comb,greedy_unique_5_temp_baseline,5,5,0.524638831615448,1.126530612244898,,,llm_experiments_data/arrays/mteb_tweet_sentiment_extraction_1_convex_comb_greedy_unique_5_temp_baseline_2025-04-20.npz,0.9753793916128501,2.2821165817770233,0.9230671490582631
mteb/tweet_sentiment_extraction,1,convex_comb,greedy_unique_5_post_calib,5,5,0.5222525596618652,1.286563931695127,0.0,1.0,llm_experiments_data/arrays/mteb_tweet_sentiment_extraction_1_convex_comb_greedy_unique_5_post_calib_2025-04-20.npz,0.9638973636691187,2.231748726655348,0.923774768062335
mteb/tweet_sentiment_extraction,1,convex_comb,greedy_50_post_calib,50,26,0.4968961179256439,1.121932528113286,0.0,1.0,llm_experiments_data/arrays/mteb_tweet_sentiment_extraction_1_convex_comb_greedy_50_post_calib_2025-04-20.npz,0.9579239491627013,2.1092246745897,0.9306072784196745
mteb/tweet_sentiment_extraction,1,convex_comb,greedy_50_calib_once,19,17,0.5097183585166931,2.0716867971678465,0.0,1.0,llm_experiments_data/arrays/mteb_tweet_sentiment_extraction_1_convex_comb_greedy_50_calib_once_2025-04-20.npz,0.954576248590888,2.1867572156196946,0.9289581743292065
mteb/tweet_sentiment_extraction,1,convex_comb,greedy_50_calib_every_step,21,19,0.5016462802886963,1.6980924614743858,0.0,1.0,llm_experiments_data/arrays/mteb_tweet_sentiment_extraction_1_convex_comb_greedy_50_calib_every_step_2025-04-20.npz,0.9610249264065008,2.1378041878890777,0.9301911171916085
mteb/tweet_sentiment_extraction,1,pure_logits,greedy_unique_5_baseline,5,5,0.5260146856307983,,,,llm_experiments_data/arrays/mteb_tweet_sentiment_extraction_1_pure_logits_greedy_unique_5_baseline_2025-04-20.npz,0.9844471273184587,2.2917374080362194,0.9231858710616615
mteb/tweet_sentiment_extraction,1,pure_logits,greedy_50_baseline,50,26,0.4963533878326416,,,,llm_experiments_data/arrays/mteb_tweet_sentiment_extraction_1_pure_logits_greedy_50_baseline_2025-04-20.npz,0.9610249264065008,2.0996038483305037,0.9304570595439229
mteb/tweet_sentiment_extraction,1,pure_logits,greedy_50_temp_baseline,50,26,0.4962351024150848,1.0163265306122449,,,llm_experiments_data/arrays/mteb_tweet_sentiment_extraction_1_pure_logits_greedy_50_temp_baseline_2025-04-20.npz,0.9610249264065008,2.113469156762875,0.9304559260480545
mteb/tweet_sentiment_extraction,1,pure_logits,greedy_unique_5_temp_baseline,5,5,0.524638831615448,1.126530612244898,,,llm_experiments_data/arrays/mteb_tweet_sentiment_extraction_1_pure_logits_greedy_unique_5_temp_baseline_2025-04-20.npz,0.9753793916128501,2.2821165817770233,0.9230671490582631
mteb/tweet_sentiment_extraction,1,pure_logits,greedy_unique_5_post_calib,5,5,0.5204228162765503,1.4630903790087464,0.6397334443981675,1.0,llm_experiments_data/arrays/mteb_tweet_sentiment_extraction_1_pure_logits_greedy_unique_5_post_calib_2025-04-20.npz,0.9579239491627013,2.1751556310130162,0.9248658918844028
mteb/tweet_sentiment_extraction,1,pure_logits,greedy_50_post_calib,50,26,0.4978979229927063,1.281865889212828,0.8929612661391086,1.0,llm_experiments_data/arrays/mteb_tweet_sentiment_extraction_1_pure_logits_greedy_50_post_calib_2025-04-20.npz,0.954576248590888,2.077815506508206,0.9308859229871688
mteb/tweet_sentiment_extraction,1,pure_logits,greedy_50_calib_once,16,15,0.5065592527389526,1.983573511037068,1.2894627238650562,1.0,llm_experiments_data/arrays/mteb_tweet_sentiment_extraction_1_pure_logits_greedy_50_calib_once_2025-04-20.npz,0.954576248590888,2.1677985285795134,0.9293195128844758
mteb/tweet_sentiment_extraction,1,pure_logits,greedy_50_calib_every_step,22,20,0.5019837021827698,1.753869221157851,1.799250312369846,1.0,llm_experiments_data/arrays/mteb_tweet_sentiment_extraction_1_pure_logits_greedy_50_calib_every_step_2025-04-20.npz,0.9638973636691187,2.2303338992642896,0.9294764373924483
mteb/tweet_sentiment_extraction,2,convex_comb,greedy_unique_5_baseline,5,5,0.5333333015441895,,,,llm_experiments_data/arrays/mteb_tweet_sentiment_extraction_2_convex_comb_greedy_unique_5_baseline_2025-04-20.npz,0.9855933637950631,2.322863610639502,0.9225437332009813
mteb/tweet_sentiment_extraction,2,convex_comb,greedy_50_baseline,50,26,0.5011298060417175,,,,llm_experiments_data/arrays/mteb_tweet_sentiment_extraction_2_convex_comb_greedy_50_baseline_2025-04-20.npz,0.9734204999598582,2.219298245614035,0.9292972893887184
mteb/tweet_sentiment_extraction,2,convex_comb,greedy_50_temp_baseline,50,26,0.5009475946426392,1.0163265306122449,,,llm_experiments_data/arrays/mteb_tweet_sentiment_extraction_2_convex_comb_greedy_50_temp_baseline_2025-04-20.npz,0.9713057528362042,2.2088285229202036,0.9292798268961683
mteb/tweet_sentiment_extraction,2,convex_comb,greedy_unique_5_temp_baseline,5,5,0.5314382314682007,1.126530612244898,,,llm_experiments_data/arrays/mteb_tweet_sentiment_extraction_2_convex_comb_greedy_unique_5_temp_baseline_2025-04-20.npz,0.9771939142407526,2.3115449915110355,0.9223875653158796
mteb/tweet_sentiment_extraction,2,convex_comb,greedy_unique_5_post_calib,5,5,0.5273095965385437,1.276018325697626,0.0,1.0,llm_experiments_data/arrays/mteb_tweet_sentiment_extraction_2_convex_comb_greedy_unique_5_post_calib_2025-04-20.npz,0.9713057528362042,2.3200339558573853,0.9231862455822831
mteb/tweet_sentiment_extraction,2,convex_comb,greedy_50_post_calib,50,26,0.5008242726325989,1.0495626822157431,0.0,1.0,llm_experiments_data/arrays/mteb_tweet_sentiment_extraction_2_convex_comb_greedy_50_post_calib_2025-04-20.npz,0.9713057528362042,2.2173174872665533,0.9294132173069894
mteb/tweet_sentiment_extraction,2,convex_comb,greedy_50_calib_once,30,19,0.5076231360435486,2.054843815077051,0.0,1.0,llm_experiments_data/arrays/mteb_tweet_sentiment_extraction_2_convex_comb_greedy_50_calib_once_2025-04-20.npz,0.9579239491627013,2.211941143180532,0.9297093063689056
mteb/tweet_sentiment_extraction,2,convex_comb,greedy_50_calib_every_step,24,19,0.5016009211540222,1.4630903790087464,0.0,1.0,llm_experiments_data/arrays/mteb_tweet_sentiment_extraction_2_convex_comb_greedy_50_calib_every_step_2025-04-20.npz,0.9690227498992263,2.2000565930956424,0.9300762454330096
mteb/tweet_sentiment_extraction,2,pure_logits,greedy_unique_5_baseline,5,5,0.5333333015441895,,,,llm_experiments_data/arrays/mteb_tweet_sentiment_extraction_2_pure_logits_greedy_unique_5_baseline_2025-04-20.npz,0.9855933637950631,2.322863610639502,0.9225437332009813
mteb/tweet_sentiment_extraction,2,pure_logits,greedy_50_baseline,50,26,0.5011298060417175,,,,llm_experiments_data/arrays/mteb_tweet_sentiment_extraction_2_pure_logits_greedy_50_baseline_2025-04-20.npz,0.9734204999598582,2.219298245614035,0.9292972893887184
mteb/tweet_sentiment_extraction,2,pure_logits,greedy_50_temp_baseline,50,26,0.5009475946426392,1.0163265306122449,,,llm_experiments_data/arrays/mteb_tweet_sentiment_extraction_2_pure_logits_greedy_50_temp_baseline_2025-04-20.npz,0.9713057528362042,2.2088285229202036,0.9292798268961683
mteb/tweet_sentiment_extraction,2,pure_logits,greedy_unique_5_temp_baseline,5,5,0.5314382314682007,1.126530612244898,,,llm_experiments_data/arrays/mteb_tweet_sentiment_extraction_2_pure_logits_greedy_unique_5_temp_baseline_2025-04-20.npz,0.9771939142407526,2.3115449915110355,0.9223875653158796
mteb/tweet_sentiment_extraction,2,pure_logits,greedy_unique_5_post_calib,5,5,0.5220748782157898,1.4274052478134114,0.694710537276135,1.0,llm_experiments_data/arrays/mteb_tweet_sentiment_extraction_2_pure_logits_greedy_unique_5_post_calib_2025-04-20.npz,0.9638973636691187,2.2391058290888513,0.9247959295796412
mteb/tweet_sentiment_extraction,2,pure_logits,greedy_50_post_calib,50,26,0.500332236289978,1.1283298625572675,0.94960433152853,1.0,llm_experiments_data/arrays/mteb_tweet_sentiment_extraction_2_pure_logits_greedy_50_post_calib_2025-04-20.npz,0.9690227498992263,2.181097906055461,0.9296876846418168
mteb/tweet_sentiment_extraction,2,pure_logits,greedy_50_calib_once,30,20,0.5060797333717346,1.8353352769679303,1.7059558517284463,1.0,llm_experiments_data/arrays/mteb_tweet_sentiment_extraction_2_pure_logits_greedy_50_calib_once_2025-04-20.npz,0.9665581041966967,2.2430673457838144,0.9294398460783851
mteb/tweet_sentiment_extraction,2,pure_logits,greedy_50_calib_every_step,28,23,0.4992952346801758,1.4393002915451896,1.8892128279883385,1.0,llm_experiments_data/arrays/mteb_tweet_sentiment_extraction_2_pure_logits_greedy_50_calib_every_step_2025-04-20.npz,0.9665581041966967,2.1864742501414827,0.9305196236780392
mteb/tweet_sentiment_extraction,3,convex_comb,greedy_unique_5_baseline,5,5,0.5318763256072998,,,,llm_experiments_data/arrays/mteb_tweet_sentiment_extraction_3_convex_comb_greedy_unique_5_baseline_2025-04-20.npz,0.9771939142407526,2.2444821731748728,0.9223808334673039
mteb/tweet_sentiment_extraction,3,convex_comb,greedy_50_baseline,50,28,0.4969528615474701,,,,llm_experiments_data/arrays/mteb_tweet_sentiment_extraction_3_convex_comb_greedy_50_baseline_2025-04-20.npz,0.9713057528362042,2.1983588002263725,0.9305613930465024
mteb/tweet_sentiment_extraction,3,convex_comb,greedy_50_temp_baseline,50,28,0.496857225894928,1.0163265306122449,,,llm_experiments_data/arrays/mteb_tweet_sentiment_extraction_3_convex_comb_greedy_50_temp_baseline_2025-04-20.npz,0.9690227498992263,2.1873231465761176,0.9305544150704056
mteb/tweet_sentiment_extraction,3,convex_comb,greedy_unique_5_temp_baseline,5,5,0.530012309551239,1.0714285714285714,,,llm_experiments_data/arrays/mteb_tweet_sentiment_extraction_3_convex_comb_greedy_unique_5_temp_baseline_2025-04-20.npz,0.9713057528362042,2.2504244482173177,0.9223151063805176
mteb/tweet_sentiment_extraction,3,convex_comb,greedy_unique_5_post_calib,5,5,0.5262352824211121,1.2057476051645146,0.0,1.0,llm_experiments_data/arrays/mteb_tweet_sentiment_extraction_3_convex_comb_greedy_unique_5_post_calib_2025-04-20.npz,0.9610249264065008,2.195529145444256,0.9234541422572969
mteb/tweet_sentiment_extraction,3,convex_comb,greedy_50_post_calib,50,28,0.496894508600235,1.0121782590587256,0.0,1.0,llm_experiments_data/arrays/mteb_tweet_sentiment_extraction_3_convex_comb_greedy_50_post_calib_2025-04-20.npz,0.9713057528362042,2.2082625919637806,0.9305900534222701
mteb/tweet_sentiment_extraction,3,convex_comb,greedy_50_calib_once,29,19,0.5023015141487122,2.054843815077051,0.0,1.0,llm_experiments_data/arrays/mteb_tweet_sentiment_extraction_3_convex_comb_greedy_50_calib_once_2025-04-20.npz,0.9610249264065008,2.2371250707413695,0.9313005919927076
mteb/tweet_sentiment_extraction,3,convex_comb,greedy_50_calib_every_step,22,19,0.496432214975357,1.4393002915451896,0.0,1.0,llm_experiments_data/arrays/mteb_tweet_sentiment_extraction_3_convex_comb_greedy_50_calib_every_step_2025-04-20.npz,0.9665581041966967,2.1519524617996604,0.9314304467450714
mteb/tweet_sentiment_extraction,3,pure_logits,greedy_unique_5_baseline,5,5,0.5318763256072998,,,,llm_experiments_data/arrays/mteb_tweet_sentiment_extraction_3_pure_logits_greedy_unique_5_baseline_2025-04-20.npz,0.9771939142407526,2.2444821731748728,0.9223808334673039
mteb/tweet_sentiment_extraction,3,pure_logits,greedy_50_baseline,50,28,0.4969528615474701,,,,llm_experiments_data/arrays/mteb_tweet_sentiment_extraction_3_pure_logits_greedy_50_baseline_2025-04-20.npz,0.9713057528362042,2.1983588002263725,0.9305613930465024
mteb/tweet_sentiment_extraction,3,pure_logits,greedy_50_temp_baseline,50,28,0.496857225894928,1.0163265306122449,,,llm_experiments_data/arrays/mteb_tweet_sentiment_extraction_3_pure_logits_greedy_50_temp_baseline_2025-04-20.npz,0.9690227498992263,2.1873231465761176,0.9305544150704056
mteb/tweet_sentiment_extraction,3,pure_logits,greedy_unique_5_temp_baseline,5,5,0.530012309551239,1.0714285714285714,,,llm_experiments_data/arrays/mteb_tweet_sentiment_extraction_3_pure_logits_greedy_unique_5_temp_baseline_2025-04-20.npz,0.9713057528362042,2.2504244482173177,0.9223151063805176
mteb/tweet_sentiment_extraction,3,pure_logits,greedy_unique_5_post_calib,5,5,0.5184579491615295,1.4192086630570595,0.6247396917950854,1.0,llm_experiments_data/arrays/mteb_tweet_sentiment_extraction_3_pure_logits_greedy_unique_5_post_calib_2025-04-20.npz,0.9579239491627013,2.17911714770798,0.9270527347846684
mteb/tweet_sentiment_extraction,3,pure_logits,greedy_50_post_calib,50,28,0.4962888360023498,1.1142357351103709,0.941274468971262,1.0,llm_experiments_data/arrays/mteb_tweet_sentiment_extraction_3_pure_logits_greedy_50_post_calib_2025-04-20.npz,0.9690227498992263,2.177136389360498,0.9309862424403755
mteb/tweet_sentiment_extraction,3,pure_logits,greedy_50_calib_once,17,17,0.5016424655914307,1.809645980841316,1.82923781757601,1.0,llm_experiments_data/arrays/mteb_tweet_sentiment_extraction_3_pure_logits_greedy_50_calib_once_2025-04-20.npz,0.9713057528362042,2.3010752688172045,0.9298829499897293
mteb/tweet_sentiment_extraction,3,pure_logits,greedy_50_calib_every_step,31,24,0.4996831119060516,1.1812078300708038,2.5189504373177845,1.0,llm_experiments_data/arrays/mteb_tweet_sentiment_extraction_3_pure_logits_greedy_50_calib_every_step_2025-04-20.npz,0.9638973636691187,2.235710243350311,0.9300086738178551
mteb/tweet_sentiment_extraction,4,convex_comb,greedy_unique_5_baseline,5,5,0.5225674510002136,,,,llm_experiments_data/arrays/mteb_tweet_sentiment_extraction_4_convex_comb_greedy_unique_5_baseline_2025-04-20.npz,0.9844471273184587,2.2869269949066213,0.9247900528992746
mteb/tweet_sentiment_extraction,4,convex_comb,greedy_50_baseline,50,26,0.4879655241966247,,,,llm_experiments_data/arrays/mteb_tweet_sentiment_extraction_4_convex_comb_greedy_50_baseline_2025-04-20.npz,0.9610249264065008,2.1327108092812677,0.9323035230852309
mteb/tweet_sentiment_extraction,4,convex_comb,greedy_50_temp_baseline,50,26,0.4882253408432007,1.0163265306122449,,,llm_experiments_data/arrays/mteb_tweet_sentiment_extraction_4_convex_comb_greedy_50_temp_baseline_2025-04-20.npz,0.9579239491627013,2.1219581211092247,0.9322964325487035
mteb/tweet_sentiment_extraction,4,convex_comb,greedy_unique_5_temp_baseline,5,5,0.5212197303771973,1.126530612244898,,,llm_experiments_data/arrays/mteb_tweet_sentiment_extraction_4_convex_comb_greedy_unique_5_temp_baseline_2025-04-20.npz,0.9771939142407526,2.306451612903226,0.9246359841534649
mteb/tweet_sentiment_extraction,4,convex_comb,greedy_unique_5_post_calib,5,5,0.5175235271453857,1.297109537692628,0.0,1.0,llm_experiments_data/arrays/mteb_tweet_sentiment_extraction_4_convex_comb_greedy_unique_5_post_calib_2025-04-20.npz,0.9665581041966967,2.267119411431805,0.9257286298062049
mteb/tweet_sentiment_extraction,4,convex_comb,greedy_50_post_calib,50,26,0.4881510734558105,1.0370678883798417,0.0,1.0,llm_experiments_data/arrays/mteb_tweet_sentiment_extraction_4_convex_comb_greedy_50_post_calib_2025-04-20.npz,0.9579239491627013,2.1120543293718166,0.9323606673009636
mteb/tweet_sentiment_extraction,4,convex_comb,greedy_50_calib_once,30,20,0.4956796765327453,2.092428154935444,0.0,1.0,llm_experiments_data/arrays/mteb_tweet_sentiment_extraction_4_convex_comb_greedy_50_calib_once_2025-04-20.npz,0.954576248590888,2.2071307300509337,0.9321891271171273
mteb/tweet_sentiment_extraction,4,convex_comb,greedy_50_calib_every_step,26,21,0.4897838830947876,1.53076218242399,0.0,1.0,llm_experiments_data/arrays/mteb_tweet_sentiment_extraction_4_convex_comb_greedy_50_calib_every_step_2025-04-20.npz,0.9579239491627013,2.091963780418789,0.9327216267337631
mteb/tweet_sentiment_extraction,4,pure_logits,greedy_unique_5_baseline,5,5,0.5225674510002136,,,,llm_experiments_data/arrays/mteb_tweet_sentiment_extraction_4_pure_logits_greedy_unique_5_baseline_2025-04-20.npz,0.9844471273184587,2.2869269949066213,0.9247900528992746
mteb/tweet_sentiment_extraction,4,pure_logits,greedy_50_baseline,50,26,0.4879655241966247,,,,llm_experiments_data/arrays/mteb_tweet_sentiment_extraction_4_pure_logits_greedy_50_baseline_2025-04-20.npz,0.9610249264065008,2.1327108092812677,0.9323035230852309
mteb/tweet_sentiment_extraction,4,pure_logits,greedy_50_temp_baseline,50,26,0.4882253408432007,1.0163265306122449,,,llm_experiments_data/arrays/mteb_tweet_sentiment_extraction_4_pure_logits_greedy_50_temp_baseline_2025-04-20.npz,0.9579239491627013,2.1219581211092247,0.9322964325487035
mteb/tweet_sentiment_extraction,4,pure_logits,greedy_unique_5_temp_baseline,5,5,0.5212197303771973,1.126530612244898,,,llm_experiments_data/arrays/mteb_tweet_sentiment_extraction_4_pure_logits_greedy_unique_5_temp_baseline_2025-04-20.npz,0.9771939142407526,2.306451612903226,0.9246359841534649
mteb/tweet_sentiment_extraction,4,pure_logits,greedy_unique_5_post_calib,5,5,0.5115422606468201,1.4274052478134114,0.694710537276135,1.0,llm_experiments_data/arrays/mteb_tweet_sentiment_extraction_4_pure_logits_greedy_unique_5_post_calib_2025-04-20.npz,0.9610249264065008,2.2229767968307867,0.9276857345627859
mteb/tweet_sentiment_extraction,4,pure_logits,greedy_50_post_calib,50,26,0.4880893230438232,1.1117367763431902,0.9579341940857976,1.0,llm_experiments_data/arrays/mteb_tweet_sentiment_extraction_4_pure_logits_greedy_50_post_calib_2025-04-20.npz,0.9579239491627013,2.108375778155065,0.9325211882632845
mteb/tweet_sentiment_extraction,4,pure_logits,greedy_50_calib_once,36,21,0.4953800439834595,1.8202915451895043,1.844231570179092,1.0,llm_experiments_data/arrays/mteb_tweet_sentiment_extraction_4_pure_logits_greedy_50_calib_once_2025-04-20.npz,0.9638973636691187,2.239954725523486,0.9312081580736845
mteb/tweet_sentiment_extraction,4,pure_logits,greedy_50_calib_every_step,28,21,0.489339530467987,1.4420991253644315,1.9825072886297377,1.0,llm_experiments_data/arrays/mteb_tweet_sentiment_extraction_4_pure_logits_greedy_50_calib_every_step_2025-04-20.npz,0.9610249264065008,2.196943972835314,0.9323239896393324
ag_news,0,convex_comb,greedy_unique_5_baseline,5,5,0.2319172620773315,,,,llm_experiments_data/arrays/ag_news_0_convex_comb_greedy_unique_5_baseline_2025-04-20.npz,0.9977059127281483,1.4656578947368422,0.9900554824561403
ag_news,0,convex_comb,greedy_50_baseline,50,29,0.1978360414505005,,,,llm_experiments_data/arrays/ag_news_0_convex_comb_greedy_50_baseline_2025-04-20.npz,0.9855933637950631,1.7914473684210526,0.9887208679593722
ag_news,0,convex_comb,greedy_50_temp_baseline,50,29,0.1976282000541687,1.0163265306122449,,,llm_experiments_data/arrays/ag_news_0_convex_comb_greedy_50_temp_baseline_2025-04-20.npz,0.9844471273184587,1.7903947368421054,0.9887153162511542
ag_news,0,convex_comb,greedy_unique_5_temp_baseline,5,5,0.2054621577262878,1.4571428571428573,,,llm_experiments_data/arrays/ag_news_0_convex_comb_greedy_unique_5_temp_baseline_2025-04-20.npz,0.9818738040176085,1.4635526315789473,0.9900296398891966
ag_news,0,convex_comb,greedy_unique_5_post_calib,5,5,0.1998860239982605,1.6290712203248647,0.0,1.0,llm_experiments_data/arrays/ag_news_0_convex_comb_greedy_unique_5_post_calib_2025-04-20.npz,0.9753793916128501,1.460921052631579,0.9902884695290859
ag_news,0,convex_comb,greedy_50_post_calib,50,29,0.1936988532543182,1.3848729695960018,0.0,1.0,llm_experiments_data/arrays/ag_news_0_convex_comb_greedy_50_post_calib_2025-04-20.npz,0.9753793916128501,1.6311842105263157,0.9896033933518005
ag_news,0,convex_comb,greedy_50_calib_once,22,20,0.1906897574663162,1.8202915451895043,0.0,1.0,llm_experiments_data/arrays/ag_news_0_convex_comb_greedy_50_calib_once_2025-04-20.npz,0.9788747077456621,1.4435526315789473,0.9909425554016621
ag_news,0,convex_comb,greedy_50_calib_every_step,25,22,0.191370278596878,1.795052061640983,0.0,1.0,llm_experiments_data/arrays/ag_news_0_convex_comb_greedy_50_calib_every_step_2025-04-20.npz,0.9788747077456621,1.4335526315789473,0.9908302516158818
ag_news,0,pure_logits,greedy_unique_5_baseline,5,5,0.2319172620773315,,,,llm_experiments_data/arrays/ag_news_0_pure_logits_greedy_unique_5_baseline_2025-04-20.npz,0.9977059127281483,1.4656578947368422,0.9900554824561403
ag_news,0,pure_logits,greedy_50_baseline,50,29,0.1978360414505005,,,,llm_experiments_data/arrays/ag_news_0_pure_logits_greedy_50_baseline_2025-04-20.npz,0.9855933637950631,1.7914473684210526,0.9887208679593722
ag_news,0,pure_logits,greedy_50_temp_baseline,50,29,0.1976282000541687,1.0163265306122449,,,llm_experiments_data/arrays/ag_news_0_pure_logits_greedy_50_temp_baseline_2025-04-20.npz,0.9844471273184587,1.7903947368421054,0.9887153162511542
ag_news,0,pure_logits,greedy_unique_5_temp_baseline,5,5,0.2054621577262878,1.4571428571428573,,,llm_experiments_data/arrays/ag_news_0_pure_logits_greedy_unique_5_temp_baseline_2025-04-20.npz,0.9818738040176085,1.4635526315789473,0.9900296398891966
ag_news,0,pure_logits,greedy_unique_5_post_calib,5,5,0.1978672444820404,1.7255810079133695,0.6247396917950854,1.0,llm_experiments_data/arrays/ag_news_0_pure_logits_greedy_unique_5_post_calib_2025-04-20.npz,0.9734204999598582,1.453421052631579,0.9904356879039705
ag_news,0,pure_logits,greedy_50_post_calib,50,29,0.1908816695213318,1.650512286547272,0.7330279050395669,1.0,llm_experiments_data/arrays/ag_news_0_pure_logits_greedy_50_post_calib_2025-04-20.npz,0.9771939142407526,1.4810526315789474,0.990424192059095
ag_news,0,pure_logits,greedy_50_calib_once,20,19,0.1927261501550674,1.573744273219492,1.5593502707205331,1.0,llm_experiments_data/arrays/ag_news_0_pure_logits_greedy_50_calib_once_2025-04-20.npz,0.9804316278758956,1.4392105263157895,0.9902432363804248
ag_news,0,pure_logits,greedy_50_calib_every_step,22,20,0.1919605433940887,1.5184173261141192,1.639316951270304,1.0,llm_experiments_data/arrays/ag_news_0_pure_logits_greedy_50_calib_every_step_2025-04-20.npz,0.9804316278758956,1.4485526315789474,0.9903641043397968
ag_news,1,convex_comb,greedy_unique_5_baseline,5,5,0.2355262190103531,,,,llm_experiments_data/arrays/ag_news_1_convex_comb_greedy_unique_5_baseline_2025-04-20.npz,0.9975233880586762,1.45,0.9896789947249481
ag_news,1,convex_comb,greedy_50_baseline,50,28,0.2012188732624054,,,,llm_experiments_data/arrays/ag_news_1_convex_comb_greedy_50_baseline_2025-04-20.npz,0.9866551233980249,1.839078947368421,0.9881401616007025
ag_news,1,convex_comb,greedy_50_temp_baseline,50,28,0.2009114772081375,1.0163265306122449,,,llm_experiments_data/arrays/ag_news_1_convex_comb_greedy_50_temp_baseline_2025-04-20.npz,0.9855933637950631,1.8373684210526315,0.9881387701129454
ag_news,1,convex_comb,greedy_unique_5_temp_baseline,5,5,0.2071631550788879,1.5122448979591838,,,llm_experiments_data/arrays/ag_news_1_convex_comb_greedy_unique_5_temp_baseline_2025-04-20.npz,0.9788747077456621,1.4714473684210527,0.9897109425194379
ag_news,1,convex_comb,greedy_unique_5_post_calib,5,5,0.2012162059545517,1.6423157017909205,0.0,1.0,llm_experiments_data/arrays/ag_news_1_convex_comb_greedy_unique_5_post_calib_2025-04-20.npz,0.9734204999598582,1.4289473684210525,0.9899868284751192
ag_news,1,convex_comb,greedy_50_post_calib,50,28,0.1963721662759781,1.3634319033735944,0.0,1.0,llm_experiments_data/arrays/ag_news_1_convex_comb_greedy_50_post_calib_2025-04-20.npz,0.9753793916128501,1.6231578947368421,0.9892253821492933
ag_news,1,convex_comb,greedy_50_calib_once,23,22,0.1932644844055175,1.809645980841316,0.0,1.0,llm_experiments_data/arrays/ag_news_1_convex_comb_greedy_50_calib_once_2025-04-20.npz,0.9804316278758956,1.4636842105263157,0.9905838726902296
ag_news,1,convex_comb,greedy_50_calib_every_step,21,20,0.1932016164064407,1.795052061640983,0.0,1.0,llm_experiments_data/arrays/ag_news_1_convex_comb_greedy_50_calib_every_step_2025-04-20.npz,0.9804316278758956,1.4639473684210527,0.9906252481272947
ag_news,1,pure_logits,greedy_unique_5_baseline,5,5,0.2355262190103531,,,,llm_experiments_data/arrays/ag_news_1_pure_logits_greedy_unique_5_baseline_2025-04-20.npz,0.9975233880586762,1.45,0.9896789947249481
ag_news,1,pure_logits,greedy_50_baseline,50,28,0.2012188732624054,,,,llm_experiments_data/arrays/ag_news_1_pure_logits_greedy_50_baseline_2025-04-20.npz,0.9866551233980249,1.839078947368421,0.9881401616007025
ag_news,1,pure_logits,greedy_50_temp_baseline,50,28,0.2009114772081375,1.0163265306122449,,,llm_experiments_data/arrays/ag_news_1_pure_logits_greedy_50_temp_baseline_2025-04-20.npz,0.9855933637950631,1.8373684210526315,0.9881387701129454
ag_news,1,pure_logits,greedy_unique_5_temp_baseline,5,5,0.2071631550788879,1.5122448979591838,,,llm_experiments_data/arrays/ag_news_1_pure_logits_greedy_unique_5_temp_baseline_2025-04-20.npz,0.9788747077456621,1.4714473684210527,0.9897109425194379
ag_news,1,pure_logits,greedy_unique_5_post_calib,5,5,0.1977183818817138,1.809645980841316,0.599750104123282,1.0,llm_experiments_data/arrays/ag_news_1_pure_logits_greedy_unique_5_post_calib_2025-04-20.npz,0.9713057528362042,1.440921052631579,0.9903179041497976
ag_news,1,pure_logits,greedy_50_post_calib,50,28,0.1933009922504425,1.637717617659309,0.7396917950853812,1.0,llm_experiments_data/arrays/ag_news_1_pure_logits_greedy_50_post_calib_2025-04-20.npz,0.9771939142407526,1.4714473684210527,0.9902358456683361
ag_news,1,pure_logits,greedy_50_calib_once,26,22,0.1950062066316604,1.602582257392753,1.434402332361516,1.0,llm_experiments_data/arrays/ag_news_1_pure_logits_greedy_50_calib_once_2025-04-20.npz,0.9832096927272072,1.4856578947368422,0.990423082026857
ag_news,1,pure_logits,greedy_50_calib_every_step,24,21,0.1951475739479065,1.5628488129945857,1.5160349854227406,1.0,llm_experiments_data/arrays/ag_news_1_pure_logits_greedy_50_calib_every_step_2025-04-20.npz,0.9818738040176085,1.4636842105263157,0.9903466650231527
ag_news,2,convex_comb,greedy_unique_5_baseline,5,5,0.2338477969169616,,,,llm_experiments_data/arrays/ag_news_2_convex_comb_greedy_unique_5_baseline_2025-04-20.npz,0.9973263411627071,1.4461842105263158,0.9896950451676766
ag_news,2,convex_comb,greedy_50_baseline,50,29,0.1982008218765258,,,,llm_experiments_data/arrays/ag_news_2_convex_comb_greedy_50_baseline_2025-04-20.npz,0.9832096927272072,1.7103947368421053,0.9889651013122565
ag_news,2,convex_comb,greedy_50_temp_baseline,50,29,0.1980333030223846,1.0163265306122449,,,llm_experiments_data/arrays/ag_news_2_convex_comb_greedy_50_temp_baseline_2025-04-20.npz,0.9818738040176085,1.7077631578947368,0.988963209092413
ag_news,2,convex_comb,greedy_unique_5_temp_baseline,5,5,0.2079926282167434,1.4571428571428573,,,llm_experiments_data/arrays/ag_news_2_convex_comb_greedy_unique_5_temp_baseline_2025-04-20.npz,0.9804316278758956,1.4485526315789474,0.9897118909107699
ag_news,2,convex_comb,greedy_unique_5_post_calib,5,5,0.2023528963327407,1.615826738858809,0.0,1.0,llm_experiments_data/arrays/ag_news_2_convex_comb_greedy_unique_5_post_calib_2025-04-20.npz,0.9734204999598582,1.4322368421052631,0.9900019589268484
ag_news,2,convex_comb,greedy_50_post_calib,50,29,0.1947339475154876,1.3848729695960018,0.0,1.0,llm_experiments_data/arrays/ag_news_2_convex_comb_greedy_50_post_calib_2025-04-20.npz,0.9734204999598582,1.5768421052631578,0.9897933153147846
ag_news,2,convex_comb,greedy_50_calib_once,20,19,0.1915436685085296,1.8353352769679303,0.0,1.0,llm_experiments_data/arrays/ag_news_2_convex_comb_greedy_50_calib_once_2025-04-20.npz,0.9771939142407526,1.4193421052631578,0.9907360630143791
ag_news,2,convex_comb,greedy_50_calib_every_step,20,20,0.1915388852357864,1.7658642232403166,0.0,1.0,llm_experiments_data/arrays/ag_news_2_convex_comb_greedy_50_calib_every_step_2025-04-20.npz,0.9771939142407526,1.4130263157894736,0.9906924366859077
ag_news,2,pure_logits,greedy_unique_5_baseline,5,5,0.2338477969169616,,,,llm_experiments_data/arrays/ag_news_2_pure_logits_greedy_unique_5_baseline_2025-04-20.npz,0.9973263411627071,1.4461842105263158,0.9896950451676766
ag_news,2,pure_logits,greedy_50_baseline,50,29,0.1982008218765258,,,,llm_experiments_data/arrays/ag_news_2_pure_logits_greedy_50_baseline_2025-04-20.npz,0.9832096927272072,1.7103947368421053,0.9889651013122565
ag_news,2,pure_logits,greedy_50_temp_baseline,50,29,0.1980333030223846,1.0163265306122449,,,llm_experiments_data/arrays/ag_news_2_pure_logits_greedy_50_temp_baseline_2025-04-20.npz,0.9818738040176085,1.7077631578947368,0.988963209092413
ag_news,2,pure_logits,greedy_unique_5_temp_baseline,5,5,0.2079926282167434,1.4571428571428573,,,llm_experiments_data/arrays/ag_news_2_pure_logits_greedy_unique_5_temp_baseline_2025-04-20.npz,0.9804316278758956,1.4485526315789474,0.9897118909107699
ag_news,2,pure_logits,greedy_unique_5_post_calib,5,5,0.2002874165773391,1.7255810079133695,0.534777176176593,1.0,llm_experiments_data/arrays/ag_news_2_pure_logits_greedy_unique_5_post_calib_2025-04-20.npz,0.9690227498992263,1.3878947368421053,0.9902079547114154
ag_news,2,pure_logits,greedy_50_post_calib,50,29,0.1918625086545944,1.6690045814244066,0.7097042898792171,1.0,llm_experiments_data/arrays/ag_news_2_pure_logits_greedy_50_post_calib_2025-04-20.npz,0.9753793916128501,1.4335526315789473,0.9905905778623152
ag_news,2,pure_logits,greedy_50_calib_once,17,13,0.1935279071331024,1.5865389421074554,2.533944189920866,1.0,llm_experiments_data/arrays/ag_news_2_pure_logits_greedy_50_calib_once_2025-04-20.npz,0.9734204999598582,1.3897368421052632,0.9903693316731723
ag_news,2,pure_logits,greedy_50_calib_every_step,25,22,0.1918960064649582,1.4420991253644315,1.784256559766764,1.0,llm_experiments_data/arrays/ag_news_2_pure_logits_greedy_50_calib_every_step_2025-04-20.npz,0.9771939142407526,1.4314473684210527,0.9906606656633162
ag_news,3,convex_comb,greedy_unique_5_baseline,5,5,0.2329772561788559,,,,llm_experiments_data/arrays/ag_news_3_convex_comb_greedy_unique_5_baseline_2025-04-20.npz,0.9973263411627071,1.4175,0.9900386620924999
ag_news,3,convex_comb,greedy_50_baseline,50,30,0.1924930810928344,,,,llm_experiments_data/arrays/ag_news_3_convex_comb_greedy_50_baseline_2025-04-20.npz,0.9832096927272072,1.700921052631579,0.9893471075384526
ag_news,3,convex_comb,greedy_50_temp_baseline,50,30,0.1922597289085388,1.0163265306122449,,,llm_experiments_data/arrays/ag_news_3_convex_comb_greedy_50_temp_baseline_2025-04-20.npz,0.9818738040176085,1.6977631578947368,0.989342516113186
ag_news,3,convex_comb,greedy_unique_5_temp_baseline,5,5,0.2039375156164169,1.4571428571428573,,,llm_experiments_data/arrays/ag_news_3_convex_comb_greedy_unique_5_temp_baseline_2025-04-20.npz,0.9804316278758956,1.4205263157894736,0.9900004863419948
ag_news,3,convex_comb,greedy_unique_5_post_calib,5,5,0.197602316737175,1.6423157017909205,0.0,1.0,llm_experiments_data/arrays/ag_news_3_convex_comb_greedy_unique_5_post_calib_2025-04-20.npz,0.9734204999598582,1.4172368421052632,0.990336431003015
ag_news,3,convex_comb,greedy_50_post_calib,50,30,0.1884352564811706,1.3848729695960018,0.0,1.0,llm_experiments_data/arrays/ag_news_3_convex_comb_greedy_50_post_calib_2025-04-20.npz,0.9713057528362042,1.5010526315789474,0.9902920795467903
ag_news,3,convex_comb,greedy_50_calib_once,22,21,0.185087963938713,1.8202915451895043,0.0,1.0,llm_experiments_data/arrays/ag_news_3_convex_comb_greedy_50_calib_once_2025-04-20.npz,0.9771939142407526,1.4048684210526317,0.991541434204213
ag_news,3,convex_comb,greedy_50_calib_every_step,18,18,0.1854703724384308,1.7804581424406498,0.0,1.0,llm_experiments_data/arrays/ag_news_3_convex_comb_greedy_50_calib_every_step_2025-04-20.npz,0.9771939142407526,1.3946052631578947,0.9914990455274751
ag_news,3,pure_logits,greedy_unique_5_baseline,5,5,0.2329772561788559,,,,llm_experiments_data/arrays/ag_news_3_pure_logits_greedy_unique_5_baseline_2025-04-20.npz,0.9973263411627071,1.4175,0.9900386620924999
ag_news,3,pure_logits,greedy_50_baseline,50,30,0.1924930810928344,,,,llm_experiments_data/arrays/ag_news_3_pure_logits_greedy_50_baseline_2025-04-20.npz,0.9832096927272072,1.700921052631579,0.9893471075384526
ag_news,3,pure_logits,greedy_50_temp_baseline,50,30,0.1922597289085388,1.0163265306122449,,,llm_experiments_data/arrays/ag_news_3_pure_logits_greedy_50_temp_baseline_2025-04-20.npz,0.9818738040176085,1.6977631578947368,0.989342516113186
ag_news,3,pure_logits,greedy_unique_5_temp_baseline,5,5,0.2039375156164169,1.4571428571428573,,,llm_experiments_data/arrays/ag_news_3_pure_logits_greedy_unique_5_temp_baseline_2025-04-20.npz,0.9804316278758956,1.4205263157894736,0.9900004863419948
ag_news,3,pure_logits,greedy_unique_5_post_calib,5,5,0.1939620524644851,1.809645980841316,0.6047480216576426,1.0,llm_experiments_data/arrays/ag_news_3_pure_logits_greedy_unique_5_post_calib_2025-04-20.npz,0.9690227498992263,1.394078947368421,0.9907059866350195
ag_news,3,pure_logits,greedy_50_post_calib,50,30,0.1854144632816314,1.650512286547272,0.7263640149937527,1.0,llm_experiments_data/arrays/ag_news_3_pure_logits_greedy_50_post_calib_2025-04-20.npz,0.9753793916128501,1.420921052631579,0.9912167245555621
ag_news,3,pure_logits,greedy_50_calib_once,24,21,0.1852795779705047,1.615826738858809,1.3994169096209912,1.0,llm_experiments_data/arrays/ag_news_3_pure_logits_greedy_50_calib_once_2025-04-20.npz,0.9771939142407526,1.411578947368421,0.9912633786806813
ag_news,3,pure_logits,greedy_50_calib_every_step,24,21,0.1855841428041458,1.5865389421074554,1.4110787172011665,1.0,llm_experiments_data/arrays/ag_news_3_pure_logits_greedy_50_calib_every_step_2025-04-20.npz,0.9771939142407526,1.4280263157894737,0.9910827991199461
ag_news,4,convex_comb,greedy_unique_5_baseline,5,5,0.2260968685150146,,,,llm_experiments_data/arrays/ag_news_4_convex_comb_greedy_unique_5_baseline_2025-04-20.npz,0.9973263411627071,1.4275,0.9899738545535808
ag_news,4,convex_comb,greedy_50_baseline,50,29,0.1935367435216903,,,,llm_experiments_data/arrays/ag_news_4_convex_comb_greedy_50_baseline_2025-04-20.npz,0.9788747077456621,1.5544736842105262,0.9894004557916742
ag_news,4,convex_comb,greedy_50_temp_baseline,50,29,0.1933269649744033,1.0163265306122449,,,llm_experiments_data/arrays/ag_news_4_convex_comb_greedy_50_temp_baseline_2025-04-20.npz,0.9788747077456621,1.6035526315789475,0.9894003017469611
ag_news,4,convex_comb,greedy_unique_5_temp_baseline,5,5,0.2006286084651947,1.5122448979591838,,,llm_experiments_data/arrays/ag_news_4_convex_comb_greedy_unique_5_temp_baseline_2025-04-20.npz,0.9771939142407526,1.433421052631579,0.9899810589615547
ag_news,4,convex_comb,greedy_unique_5_post_calib,5,5,0.1954695135354995,1.657009579341941,0.0,1.0,llm_experiments_data/arrays/ag_news_4_convex_comb_greedy_unique_5_post_calib_2025-04-20.npz,0.9713057528362042,1.4093421052631578,0.990282233037311
ag_news,4,convex_comb,greedy_50_post_calib,50,29,0.1903561353683471,1.3963182007496877,0.0,1.0,llm_experiments_data/arrays/ag_news_4_convex_comb_greedy_50_post_calib_2025-04-20.npz,0.9690227498992263,1.4451315789473684,0.9901860160135412
ag_news,4,convex_comb,greedy_50_calib_once,24,23,0.1876710951328277,1.8202915451895043,0.0,1.0,llm_experiments_data/arrays/ag_news_4_convex_comb_greedy_50_calib_once_2025-04-20.npz,0.9771939142407526,1.405657894736842,0.9909879057214007
ag_news,4,convex_comb,greedy_50_calib_every_step,23,22,0.1876167058944702,1.809645980841316,0.0,1.0,llm_experiments_data/arrays/ag_news_4_convex_comb_greedy_50_calib_every_step_2025-04-20.npz,0.9771939142407526,1.4010526315789473,0.9909550750007939
ag_news,4,pure_logits,greedy_unique_5_baseline,5,5,0.2260968685150146,,,,llm_experiments_data/arrays/ag_news_4_pure_logits_greedy_unique_5_baseline_2025-04-20.npz,0.9973263411627071,1.4275,0.9899738545535808
ag_news,4,pure_logits,greedy_50_baseline,50,29,0.1935367435216903,,,,llm_experiments_data/arrays/ag_news_4_pure_logits_greedy_50_baseline_2025-04-20.npz,0.9788747077456621,1.5544736842105262,0.9894004557916742
ag_news,4,pure_logits,greedy_50_temp_baseline,50,29,0.1933269649744033,1.0163265306122449,,,llm_experiments_data/arrays/ag_news_4_pure_logits_greedy_50_temp_baseline_2025-04-20.npz,0.9788747077456621,1.6035526315789475,0.9894003017469611
ag_news,4,pure_logits,greedy_unique_5_temp_baseline,5,5,0.2006286084651947,1.5122448979591838,,,llm_experiments_data/arrays/ag_news_4_pure_logits_greedy_unique_5_temp_baseline_2025-04-20.npz,0.9771939142407526,1.433421052631579,0.9899810589615547
ag_news,4,pure_logits,greedy_unique_5_post_calib,5,5,0.1932368874549865,1.8388338192419824,0.5547688463140358,1.0,llm_experiments_data/arrays/ag_news_4_pure_logits_greedy_unique_5_post_calib_2025-04-20.npz,0.9665581041966967,1.3893421052631578,0.9906035776407524
ag_news,4,pure_logits,greedy_50_post_calib,50,29,0.1878871023654937,1.6783007080383174,0.7097042898792171,1.0,llm_experiments_data/arrays/ag_news_4_pure_logits_greedy_50_post_calib_2025-04-20.npz,0.9734204999598582,1.3876315789473683,0.9908892389120698
ag_news,4,pure_logits,greedy_50_calib_once,23,21,0.1887911409139633,1.697292794668888,1.3294460641399417,1.0,llm_experiments_data/arrays/ag_news_4_pure_logits_greedy_50_calib_once_2025-04-20.npz,0.9771939142407526,1.3953947368421054,0.9909417345811233
ag_news,4,pure_logits,greedy_50_calib_every_step,27,23,0.1876460164785385,1.5760932944606414,1.5160349854227406,1.0,llm_experiments_data/arrays/ag_news_4_pure_logits_greedy_50_calib_every_step_2025-04-20.npz,0.9771939142407526,1.4201315789473685,0.9908130079265278
dbpedia_14,0,convex_comb,greedy_unique_5_baseline,5,5,0.0447035320103168,,,,llm_experiments_data/arrays/dbpedia_14_0_convex_comb_greedy_unique_5_baseline_2025-04-20.npz,0.0,1.0,0.9998021662637365
dbpedia_14,0,convex_comb,greedy_50_baseline,50,26,0.0363869592547416,,,,llm_experiments_data/arrays/dbpedia_14_0_convex_comb_greedy_50_baseline_2025-04-20.npz,0.0,1.0,0.9997710159340661
dbpedia_14,0,convex_comb,greedy_50_temp_baseline,50,26,0.0351792648434639,1.1816326530612244,,,llm_experiments_data/arrays/dbpedia_14_0_convex_comb_greedy_50_temp_baseline_2025-04-20.npz,0.0,1.0,0.9997711119780222
dbpedia_14,0,convex_comb,greedy_unique_5_temp_baseline,5,5,0.0351328887045383,1.6775510204081634,,,llm_experiments_data/arrays/dbpedia_14_0_convex_comb_greedy_unique_5_temp_baseline_2025-04-20.npz,0.0,1.0,0.99980126989011
dbpedia_14,0,convex_comb,greedy_unique_5_post_calib,5,5,0.033949289470911,1.795052061640983,0.0,1.0,llm_experiments_data/arrays/dbpedia_14_0_convex_comb_greedy_unique_5_post_calib_2025-04-20.npz,0.0,1.0,0.9998178098901098
dbpedia_14,0,convex_comb,greedy_50_post_calib,50,26,0.0322992168366909,1.602582257392753,0.0,1.0,llm_experiments_data/arrays/dbpedia_14_0_convex_comb_greedy_50_post_calib_2025-04-20.npz,0.0,1.0,0.9998092867032966
dbpedia_14,0,convex_comb,greedy_50_calib_once,25,19,0.0318018123507499,1.809645980841316,0.0,1.0,llm_experiments_data/arrays/dbpedia_14_0_convex_comb_greedy_50_calib_once_2025-04-20.npz,0.0,1.0,0.9998556308791209
dbpedia_14,0,convex_comb,greedy_50_calib_every_step,25,18,0.0318418368697166,1.8202915451895043,0.0,1.0,llm_experiments_data/arrays/dbpedia_14_0_convex_comb_greedy_50_calib_every_step_2025-04-20.npz,0.0,1.0,0.9998534242857142
dbpedia_14,0,pure_logits,greedy_unique_5_baseline,5,5,0.0447035320103168,,,,llm_experiments_data/arrays/dbpedia_14_0_pure_logits_greedy_unique_5_baseline_2025-04-20.npz,0.0,1.0,0.9998021662637365
dbpedia_14,0,pure_logits,greedy_50_baseline,50,26,0.0363869592547416,,,,llm_experiments_data/arrays/dbpedia_14_0_pure_logits_greedy_50_baseline_2025-04-20.npz,0.0,1.0,0.9997710159340661
dbpedia_14,0,pure_logits,greedy_50_temp_baseline,50,26,0.0351792648434639,1.1816326530612244,,,llm_experiments_data/arrays/dbpedia_14_0_pure_logits_greedy_50_temp_baseline_2025-04-20.npz,0.0,1.0,0.9997711119780222
dbpedia_14,0,pure_logits,greedy_unique_5_temp_baseline,5,5,0.0351328887045383,1.6775510204081634,,,llm_experiments_data/arrays/dbpedia_14_0_pure_logits_greedy_unique_5_temp_baseline_2025-04-20.npz,0.0,1.0,0.99980126989011
dbpedia_14,0,pure_logits,greedy_unique_5_post_calib,5,5,0.033707208931446,1.9211995002082467,0.7530195751770096,1.0,llm_experiments_data/arrays/dbpedia_14_0_pure_logits_greedy_unique_5_post_calib_2025-04-20.npz,0.0,1.0,0.9998242205494504
dbpedia_14,0,pure_logits,greedy_50_post_calib,50,26,0.0314412824809551,1.7963015410245733,0.7396917950853812,1.0,llm_experiments_data/arrays/dbpedia_14_0_pure_logits_greedy_50_post_calib_2025-04-20.npz,0.0,1.0,0.9998461184615384
dbpedia_14,0,pure_logits,greedy_50_calib_once,24,19,0.0318416953086853,1.809645980841316,0.9829237817576012,1.0,llm_experiments_data/arrays/dbpedia_14_0_pure_logits_greedy_50_calib_once_2025-04-20.npz,0.0,1.0,0.9998557367032967
dbpedia_14,0,pure_logits,greedy_50_calib_every_step,25,18,0.0318421088159084,1.8242399000416492,0.9995835068721366,1.0,llm_experiments_data/arrays/dbpedia_14_0_pure_logits_greedy_50_calib_every_step_2025-04-20.npz,0.0,1.0,0.9998534520879121
dbpedia_14,1,convex_comb,greedy_unique_5_baseline,5,5,0.0417416915297508,,,,llm_experiments_data/arrays/dbpedia_14_1_convex_comb_greedy_unique_5_baseline_2025-04-20.npz,0.0,1.0,0.9998004100502242
dbpedia_14,1,convex_comb,greedy_50_baseline,50,27,0.0344101153314113,,,,llm_experiments_data/arrays/dbpedia_14_1_convex_comb_greedy_50_baseline_2025-04-20.npz,0.0,1.0,0.9997372045386271
dbpedia_14,1,convex_comb,greedy_50_temp_baseline,50,27,0.0342478342354297,0.9612244897959183,,,llm_experiments_data/arrays/dbpedia_14_1_convex_comb_greedy_50_temp_baseline_2025-04-20.npz,0.0,1.0,0.999737324828591
dbpedia_14,1,convex_comb,greedy_unique_5_temp_baseline,5,5,0.033145148307085,1.6775510204081634,,,llm_experiments_data/arrays/dbpedia_14_1_convex_comb_greedy_unique_5_temp_baseline_2025-04-20.npz,0.0,1.0,0.9997990940398057
dbpedia_14,1,convex_comb,greedy_unique_5_post_calib,5,5,0.0320070683956146,1.809645980841316,0.0,1.0,llm_experiments_data/arrays/dbpedia_14_1_convex_comb_greedy_unique_5_post_calib_2025-04-20.npz,0.0,1.0,0.999817631807506
dbpedia_14,1,convex_comb,greedy_50_post_calib,50,27,0.0331193841993808,1.4630903790087464,0.0,1.0,llm_experiments_data/arrays/dbpedia_14_1_convex_comb_greedy_50_post_calib_2025-04-20.npz,0.0,1.0,0.9997737247047288
dbpedia_14,1,convex_comb,greedy_50_calib_once,24,19,0.0301997065544128,1.809645980841316,0.0,1.0,llm_experiments_data/arrays/dbpedia_14_1_convex_comb_greedy_50_calib_once_2025-04-20.npz,0.0,1.0,0.999858459291955
dbpedia_14,1,convex_comb,greedy_50_calib_every_step,25,18,0.030206961557269,1.8353352769679303,0.0,1.0,llm_experiments_data/arrays/dbpedia_14_1_convex_comb_greedy_50_calib_every_step_2025-04-20.npz,0.0,1.0,0.9998566585326467
dbpedia_14,1,pure_logits,greedy_unique_5_baseline,5,5,0.0417416915297508,,,,llm_experiments_data/arrays/dbpedia_14_1_pure_logits_greedy_unique_5_baseline_2025-04-20.npz,0.0,1.0,0.9998004100502242
dbpedia_14,1,pure_logits,greedy_50_baseline,50,27,0.0344101153314113,,,,llm_experiments_data/arrays/dbpedia_14_1_pure_logits_greedy_50_baseline_2025-04-20.npz,0.0,1.0,0.9997372045386271
dbpedia_14,1,pure_logits,greedy_50_temp_baseline,50,27,0.0342478342354297,0.9612244897959183,,,llm_experiments_data/arrays/dbpedia_14_1_pure_logits_greedy_50_temp_baseline_2025-04-20.npz,0.0,1.0,0.999737324828591
dbpedia_14,1,pure_logits,greedy_unique_5_temp_baseline,5,5,0.033145148307085,1.6775510204081634,,,llm_experiments_data/arrays/dbpedia_14_1_pure_logits_greedy_unique_5_temp_baseline_2025-04-20.npz,0.0,1.0,0.9997990940398057
dbpedia_14,1,pure_logits,greedy_unique_5_post_calib,5,5,0.0317040793597698,1.9211995002082467,0.7796751353602666,1.0,llm_experiments_data/arrays/dbpedia_14_1_pure_logits_greedy_unique_5_post_calib_2025-04-20.npz,0.0,1.0,0.9998242644578939
dbpedia_14,1,pure_logits,greedy_50_post_calib,50,27,0.0299132671207189,1.7902040816326532,0.6547271970012495,1.0,llm_experiments_data/arrays/dbpedia_14_1_pure_logits_greedy_50_post_calib_2025-04-20.npz,0.0,1.0,0.9998453613419757
dbpedia_14,1,pure_logits,greedy_50_calib_once,18,16,0.030262067914009,1.809645980841316,0.9912536443148688,1.0,llm_experiments_data/arrays/dbpedia_14_1_pure_logits_greedy_50_calib_once_2025-04-20.npz,0.0,1.0,0.9998590229425324
dbpedia_14,1,pure_logits,greedy_50_calib_every_step,27,18,0.0301879532635211,1.805247813411079,1.066222407330279,1.0,llm_experiments_data/arrays/dbpedia_14_1_pure_logits_greedy_50_calib_every_step_2025-04-20.npz,0.0,1.0,0.9998562396605534
dbpedia_14,2,convex_comb,greedy_unique_5_baseline,5,5,0.042877335101366,,,,llm_experiments_data/arrays/dbpedia_14_2_convex_comb_greedy_unique_5_baseline_2025-04-20.npz,0.0,1.0,0.9997760933405743
dbpedia_14,2,convex_comb,greedy_50_baseline,50,26,0.0354210995137691,,,,llm_experiments_data/arrays/dbpedia_14_2_convex_comb_greedy_50_baseline_2025-04-20.npz,0.0,1.0,0.9997592499296648
dbpedia_14,2,convex_comb,greedy_50_temp_baseline,50,26,0.0343342386186122,1.1816326530612244,,,llm_experiments_data/arrays/dbpedia_14_2_convex_comb_greedy_50_temp_baseline_2025-04-20.npz,0.0,1.0,0.9997594108624996
dbpedia_14,2,convex_comb,greedy_unique_5_temp_baseline,5,5,0.0338407233357429,1.6775510204081634,,,llm_experiments_data/arrays/dbpedia_14_2_convex_comb_greedy_unique_5_temp_baseline_2025-04-20.npz,0.0,1.0,0.9997753496482671
dbpedia_14,2,convex_comb,greedy_unique_5_post_calib,5,5,0.0327472649514675,1.809645980841316,0.0,1.0,llm_experiments_data/arrays/dbpedia_14_2_convex_comb_greedy_unique_5_post_calib_2025-04-20.npz,0.0,1.0,0.9997898064068612
dbpedia_14,2,convex_comb,greedy_50_post_calib,50,26,0.031543742865324,1.615826738858809,0.0,1.0,llm_experiments_data/arrays/dbpedia_14_2_convex_comb_greedy_50_post_calib_2025-04-20.npz,0.0,1.0,0.99979173410922
dbpedia_14,2,convex_comb,greedy_50_calib_once,24,18,0.0309948548674583,1.809645980841316,0.0,1.0,llm_experiments_data/arrays/dbpedia_14_2_convex_comb_greedy_50_calib_once_2025-04-20.npz,0.0,1.0,0.9998343098866703
dbpedia_14,2,convex_comb,greedy_50_calib_every_step,26,18,0.0309638362377882,1.8353352769679303,0.0,1.0,llm_experiments_data/arrays/dbpedia_14_2_convex_comb_greedy_50_calib_every_step_2025-04-20.npz,0.0,1.0,0.9998313949696899
dbpedia_14,2,pure_logits,greedy_unique_5_baseline,5,5,0.042877335101366,,,,llm_experiments_data/arrays/dbpedia_14_2_pure_logits_greedy_unique_5_baseline_2025-04-20.npz,0.0,1.0,0.9997760933405743
dbpedia_14,2,pure_logits,greedy_50_baseline,50,26,0.0354210995137691,,,,llm_experiments_data/arrays/dbpedia_14_2_pure_logits_greedy_50_baseline_2025-04-20.npz,0.0,1.0,0.9997592499296648
dbpedia_14,2,pure_logits,greedy_50_temp_baseline,50,26,0.0343342386186122,1.1816326530612244,,,llm_experiments_data/arrays/dbpedia_14_2_pure_logits_greedy_50_temp_baseline_2025-04-20.npz,0.0,1.0,0.9997594108624996
dbpedia_14,2,pure_logits,greedy_unique_5_temp_baseline,5,5,0.0338407233357429,1.6775510204081634,,,llm_experiments_data/arrays/dbpedia_14_2_pure_logits_greedy_unique_5_temp_baseline_2025-04-20.npz,0.0,1.0,0.9997753496482671
dbpedia_14,2,pure_logits,greedy_unique_5_post_calib,5,5,0.032600749284029,1.9366930445647648,0.7330279050395669,1.0,llm_experiments_data/arrays/dbpedia_14_2_pure_logits_greedy_unique_5_post_calib_2025-04-20.npz,0.0,1.0,0.9997896565730829
dbpedia_14,2,pure_logits,greedy_50_post_calib,50,26,0.0307621862739324,1.7963015410245733,0.7530195751770096,1.0,llm_experiments_data/arrays/dbpedia_14_2_pure_logits_greedy_50_post_calib_2025-04-20.npz,0.0,1.0,0.9998165748138054
dbpedia_14,2,pure_logits,greedy_50_calib_once,22,18,0.0310026537626981,1.809645980841316,0.9745939192003332,1.0,llm_experiments_data/arrays/dbpedia_14_2_pure_logits_greedy_50_calib_once_2025-04-20.npz,0.0,1.0,0.9998349338359694
dbpedia_14,2,pure_logits,greedy_50_calib_every_step,30,19,0.0309465955942869,1.805247813411079,1.0495626822157431,1.0,llm_experiments_data/arrays/dbpedia_14_2_pure_logits_greedy_50_calib_every_step_2025-04-20.npz,0.0,1.0,0.9998334447405546
dbpedia_14,3,convex_comb,greedy_unique_5_baseline,5,5,0.0434262119233608,,,,llm_experiments_data/arrays/dbpedia_14_3_convex_comb_greedy_unique_5_baseline_2025-04-20.npz,0.0,1.0,0.9997782819478577
dbpedia_14,3,convex_comb,greedy_50_baseline,50,27,0.0346635095775127,,,,llm_experiments_data/arrays/dbpedia_14_3_convex_comb_greedy_50_baseline_2025-04-20.npz,0.0,1.0,0.9997203804633987
dbpedia_14,3,convex_comb,greedy_50_temp_baseline,50,27,0.0345339141786098,0.9612244897959183,,,llm_experiments_data/arrays/dbpedia_14_3_convex_comb_greedy_50_temp_baseline_2025-04-20.npz,0.0,1.0,0.9997204607048369
dbpedia_14,3,convex_comb,greedy_unique_5_temp_baseline,5,5,0.034176617860794,1.6224489795918369,,,llm_experiments_data/arrays/dbpedia_14_3_convex_comb_greedy_unique_5_temp_baseline_2025-04-20.npz,0.0,1.0,0.9997779173103606
dbpedia_14,3,convex_comb,greedy_unique_5_post_calib,5,5,0.0329240374267101,1.7397251145356103,0.0,1.0,llm_experiments_data/arrays/dbpedia_14_3_convex_comb_greedy_unique_5_post_calib_2025-04-20.npz,0.0,1.0,0.9997916422868942
dbpedia_14,3,convex_comb,greedy_50_post_calib,50,27,0.0331171602010726,1.4511953352769682,0.0,1.0,llm_experiments_data/arrays/dbpedia_14_3_convex_comb_greedy_50_post_calib_2025-04-20.npz,0.0,1.0,0.9997592560976767
dbpedia_14,3,convex_comb,greedy_50_calib_once,19,16,0.0303316265344619,1.795052061640983,0.0,1.0,llm_experiments_data/arrays/dbpedia_14_3_convex_comb_greedy_50_calib_once_2025-04-20.npz,0.0,1.0,0.9998527198118916
dbpedia_14,3,convex_comb,greedy_50_calib_every_step,24,18,0.0303287953138351,1.8202915451895043,0.0,1.0,llm_experiments_data/arrays/dbpedia_14_3_convex_comb_greedy_50_calib_every_step_2025-04-20.npz,0.0,1.0,0.9998517628268372
dbpedia_14,3,pure_logits,greedy_unique_5_baseline,5,5,0.0434262119233608,,,,llm_experiments_data/arrays/dbpedia_14_3_pure_logits_greedy_unique_5_baseline_2025-04-20.npz,0.0,1.0,0.9997782819478577
dbpedia_14,3,pure_logits,greedy_50_baseline,50,27,0.0346635095775127,,,,llm_experiments_data/arrays/dbpedia_14_3_pure_logits_greedy_50_baseline_2025-04-20.npz,0.0,1.0,0.9997203804633987
dbpedia_14,3,pure_logits,greedy_50_temp_baseline,50,27,0.0345339141786098,0.9612244897959183,,,llm_experiments_data/arrays/dbpedia_14_3_pure_logits_greedy_50_temp_baseline_2025-04-20.npz,0.0,1.0,0.9997204607048369
dbpedia_14,3,pure_logits,greedy_unique_5_temp_baseline,5,5,0.034176617860794,1.6224489795918369,,,llm_experiments_data/arrays/dbpedia_14_3_pure_logits_greedy_unique_5_temp_baseline_2025-04-20.npz,0.0,1.0,0.9997779173103606
dbpedia_14,3,pure_logits,greedy_unique_5_post_calib,5,5,0.0324661396443843,1.8353352769679303,0.8063306955435235,1.0,llm_experiments_data/arrays/dbpedia_14_3_pure_logits_greedy_unique_5_post_calib_2025-04-20.npz,0.0,1.0,0.9997966401007569
dbpedia_14,3,pure_logits,greedy_50_post_calib,50,27,0.0297703016549348,1.7751603498542277,0.6597251145356102,1.0,llm_experiments_data/arrays/dbpedia_14_3_pure_logits_greedy_50_post_calib_2025-04-20.npz,0.0,1.0,0.9998390383504772
dbpedia_14,3,pure_logits,greedy_50_calib_once,21,17,0.0304252691566944,1.7804581424406498,1.0412328196584757,1.0,llm_experiments_data/arrays/dbpedia_14_3_pure_logits_greedy_50_calib_once_2025-04-20.npz,0.0,1.0,0.9998503187712838
dbpedia_14,3,pure_logits,greedy_50_calib_every_step,35,22,0.0303691085427999,1.7658642232403166,1.0995418575593503,1.0,llm_experiments_data/arrays/dbpedia_14_3_pure_logits_greedy_50_calib_every_step_2025-04-20.npz,0.0,1.0,0.9998489814600556
dbpedia_14,4,convex_comb,greedy_unique_5_baseline,5,5,0.0432789698243141,,,,llm_experiments_data/arrays/dbpedia_14_4_convex_comb_greedy_unique_5_baseline_2025-04-20.npz,0.0,1.0,0.9998203977259997
dbpedia_14,4,convex_comb,greedy_50_baseline,50,23,0.0356240533292293,,,,llm_experiments_data/arrays/dbpedia_14_4_convex_comb_greedy_50_baseline_2025-04-20.npz,0.0,1.0,0.9997309285325019
dbpedia_14,4,convex_comb,greedy_50_temp_baseline,50,23,0.0355344228446483,0.9612244897959183,,,llm_experiments_data/arrays/dbpedia_14_4_convex_comb_greedy_50_temp_baseline_2025-04-20.npz,0.0,1.0,0.9997309712872463
dbpedia_14,4,convex_comb,greedy_unique_5_temp_baseline,5,5,0.0339159145951271,1.6775510204081634,,,llm_experiments_data/arrays/dbpedia_14_4_convex_comb_greedy_unique_5_temp_baseline_2025-04-20.npz,0.0,1.0,0.9998207018871519
dbpedia_14,4,convex_comb,greedy_unique_5_post_calib,5,5,0.0329902246594429,1.809645980841316,0.0,1.0,llm_experiments_data/arrays/dbpedia_14_4_convex_comb_greedy_unique_5_post_calib_2025-04-20.npz,0.0,1.0,0.9998325761930446
dbpedia_14,4,convex_comb,greedy_50_post_calib,50,23,0.0340482331812381,1.4511953352769682,0.0,1.0,llm_experiments_data/arrays/dbpedia_14_4_convex_comb_greedy_50_post_calib_2025-04-20.npz,0.0,1.0,0.9997710317986012
dbpedia_14,4,convex_comb,greedy_50_calib_once,17,15,0.0312488917261362,1.795052061640983,0.0,1.0,llm_experiments_data/arrays/dbpedia_14_4_convex_comb_greedy_50_calib_once_2025-04-20.npz,0.0,1.0,0.9998596204740872
dbpedia_14,4,convex_comb,greedy_50_calib_every_step,17,15,0.0312488917261362,1.795052061640983,0.0,1.0,llm_experiments_data/arrays/dbpedia_14_4_convex_comb_greedy_50_calib_every_step_2025-04-20.npz,0.0,1.0,0.9998596204740872
