dataset,seed,method,ensemble_type,ensemble_size,ensemble_unique_size,nll_test,c1,c2,epi_scalar,path,aurac,aorac
imdb,0,convex_comb,greedy_unique_5_baseline,5,5,0.1272464990615844,,,,llm_experiments_data/arrays/imdb_0_convex_comb_greedy_unique_5_baseline_2025-04-20.npz,0.9813554282539876,0.018644571746012417
imdb,0,convex_comb,greedy_50_baseline,50,21,0.1241413652896881,,,,llm_experiments_data/arrays/imdb_0_convex_comb_greedy_50_baseline_2025-04-20.npz,0.9822878516353568,0.017712148364643188
imdb,0,convex_comb,greedy_50_temp_baseline,50,21,0.1240801736712455,1.0163265306122449,,,llm_experiments_data/arrays/imdb_0_convex_comb_greedy_50_temp_baseline_2025-04-20.npz,0.9822878516353568,0.017712148364643188
imdb,0,convex_comb,greedy_unique_5_temp_baseline,5,5,0.1268142312765121,0.9612244897959183,,,llm_experiments_data/arrays/imdb_0_convex_comb_greedy_unique_5_temp_baseline_2025-04-20.npz,0.9813554282539876,0.018644571746012417
imdb,0,convex_comb,greedy_unique_5_post_calib,5,5,0.1267390698194503,0.8950270720533111,0.0,1.0,llm_experiments_data/arrays/imdb_0_convex_comb_greedy_unique_5_post_calib_2025-04-20.npz,0.9812536318034177,0.018746368196582264
imdb,0,convex_comb,greedy_50_post_calib,50,21,0.1242452710866928,0.9651478550603916,0.0489795918367346,1.0,llm_experiments_data/arrays/imdb_0_convex_comb_greedy_50_post_calib_2025-04-20.npz,0.982216797073924,0.017783202926076047
imdb,0,convex_comb,greedy_50_calib_once,22,18,0.1237528547644615,1.6980924614743858,0.1039566847147022,1.0,llm_experiments_data/arrays/imdb_0_convex_comb_greedy_50_calib_once_2025-04-20.npz,0.9825224274681637,0.01747757253183635
imdb,0,convex_comb,greedy_50_calib_every_step,13,13,0.1255404353141784,1.9057059558517289,0.1179508538109121,1.0,llm_experiments_data/arrays/imdb_0_convex_comb_greedy_50_calib_every_step_2025-04-20.npz,0.9824234236203168,0.01757657637968324
imdb,0,pure_logits,greedy_unique_5_baseline,5,5,0.1272464990615844,,,,llm_experiments_data/arrays/imdb_0_pure_logits_greedy_unique_5_baseline_2025-04-20.npz,0.9813554282539876,0.018644571746012417
imdb,0,pure_logits,greedy_50_baseline,50,21,0.1241413652896881,,,,llm_experiments_data/arrays/imdb_0_pure_logits_greedy_50_baseline_2025-04-20.npz,0.9822878516353568,0.017712148364643188
imdb,0,pure_logits,greedy_50_temp_baseline,50,21,0.1240801736712455,1.0163265306122449,,,llm_experiments_data/arrays/imdb_0_pure_logits_greedy_50_temp_baseline_2025-04-20.npz,0.9822878516353568,0.017712148364643188
imdb,0,pure_logits,greedy_unique_5_temp_baseline,5,5,0.1268142312765121,0.9612244897959183,,,llm_experiments_data/arrays/imdb_0_pure_logits_greedy_unique_5_temp_baseline_2025-04-20.npz,0.9813554282539876,0.018644571746012417
imdb,0,pure_logits,greedy_unique_5_post_calib,5,5,0.1263979226350784,1.0701541024573094,0.9062890462307372,1.0,llm_experiments_data/arrays/imdb_0_pure_logits_greedy_unique_5_post_calib_2025-04-20.npz,0.9818147888058253,0.01818521119417471
imdb,0,pure_logits,greedy_50_post_calib,50,21,0.1241735741496086,0.9886880466472304,0.9995835068721366,1.0,llm_experiments_data/arrays/imdb_0_pure_logits_greedy_50_post_calib_2025-04-20.npz,0.9822789593689951,0.01772104063100488
imdb,0,pure_logits,greedy_50_calib_once,14,13,0.1230600401759147,1.330445647646814,2.8454810495626823,1.0,llm_experiments_data/arrays/imdb_0_pure_logits_greedy_50_calib_once_2025-04-20.npz,0.981636022923066,0.018363977076934046
imdb,0,pure_logits,greedy_50_calib_every_step,20,17,0.1225338503718376,1.1127363598500624,3.0737192836318203,1.0,llm_experiments_data/arrays/imdb_0_pure_logits_greedy_50_calib_every_step_2025-04-20.npz,0.9817917037987167,0.01820829620128328
imdb,1,convex_comb,greedy_unique_5_baseline,5,5,0.1270262897014618,,,,llm_experiments_data/arrays/imdb_1_convex_comb_greedy_unique_5_baseline_2025-04-20.npz,0.9815535387214858,0.018446461278514237
imdb,1,convex_comb,greedy_50_baseline,50,22,0.1241896897554397,,,,llm_experiments_data/arrays/imdb_1_convex_comb_greedy_50_baseline_2025-04-20.npz,0.9824100271487011,0.01758997285129893
imdb,1,convex_comb,greedy_50_temp_baseline,50,22,0.1241727024316787,1.0163265306122449,,,llm_experiments_data/arrays/imdb_1_convex_comb_greedy_50_temp_baseline_2025-04-20.npz,0.9824100271487011,0.01758997285129893
imdb,1,convex_comb,greedy_unique_5_temp_baseline,5,5,0.126593217253685,0.9612244897959183,,,llm_experiments_data/arrays/imdb_1_convex_comb_greedy_unique_5_temp_baseline_2025-04-20.npz,0.9815535387214858,0.018446461278514237
imdb,1,convex_comb,greedy_unique_5_post_calib,5,5,0.1265934556722641,0.9246147438567264,0.0,1.0,llm_experiments_data/arrays/imdb_1_convex_comb_greedy_unique_5_post_calib_2025-04-20.npz,0.9814735864123539,0.018526413587646062
imdb,1,convex_comb,greedy_50_post_calib,50,22,0.1241850852966308,1.0038817159516868,0.0,1.0,llm_experiments_data/arrays/imdb_1_convex_comb_greedy_50_post_calib_2025-04-20.npz,0.9824313846911921,0.017568615308807933
imdb,1,convex_comb,greedy_50_calib_once,27,18,0.1257619559764862,1.8747188671386923,0.197917534360683,1.0,llm_experiments_data/arrays/imdb_1_convex_comb_greedy_50_calib_once_2025-04-20.npz,0.9826168602794516,0.01738313972054839
imdb,1,convex_comb,greedy_50_calib_every_step,27,19,0.1245298832654953,1.6707038733860893,0.1544356518117451,1.0,llm_experiments_data/arrays/imdb_1_convex_comb_greedy_50_calib_every_step_2025-04-20.npz,0.982723343037837,0.017276656962162962
imdb,1,pure_logits,greedy_unique_5_baseline,5,5,0.1270262897014618,,,,llm_experiments_data/arrays/imdb_1_pure_logits_greedy_unique_5_baseline_2025-04-20.npz,0.9815535387214858,0.018446461278514237
imdb,1,pure_logits,greedy_50_baseline,50,22,0.1241896897554397,,,,llm_experiments_data/arrays/imdb_1_pure_logits_greedy_50_baseline_2025-04-20.npz,0.9824100271487011,0.01758997285129893
imdb,1,pure_logits,greedy_50_temp_baseline,50,22,0.1241727024316787,1.0163265306122449,,,llm_experiments_data/arrays/imdb_1_pure_logits_greedy_50_temp_baseline_2025-04-20.npz,0.9824100271487011,0.01758997285129893
imdb,1,pure_logits,greedy_unique_5_temp_baseline,5,5,0.126593217253685,0.9612244897959183,,,llm_experiments_data/arrays/imdb_1_pure_logits_greedy_unique_5_temp_baseline_2025-04-20.npz,0.9815535387214858,0.018446461278514237
imdb,1,pure_logits,greedy_unique_5_post_calib,5,5,0.1262862235307693,1.3124531445231151,0.7730112453144523,1.0,llm_experiments_data/arrays/imdb_1_pure_logits_greedy_unique_5_post_calib_2025-04-20.npz,0.9828192986868756,0.017180701313124436
imdb,1,pure_logits,greedy_50_post_calib,50,22,0.1241556704044342,0.9651478550603916,1.0162432319866723,1.0,llm_experiments_data/arrays/imdb_1_pure_logits_greedy_50_post_calib_2025-04-20.npz,0.9823691538631053,0.017630846136894696
imdb,1,pure_logits,greedy_50_calib_once,26,18,0.1226887330412864,1.4077634319033736,2.868804664723032,1.0,llm_experiments_data/arrays/imdb_1_pure_logits_greedy_50_calib_once_2025-04-20.npz,0.9817270259786909,0.01827297402130912
imdb,1,pure_logits,greedy_50_calib_every_step,34,21,0.1232841685414314,1.4393002915451896,2.2357351103706797,1.0,llm_experiments_data/arrays/imdb_1_pure_logits_greedy_50_calib_every_step_2025-04-20.npz,0.9807781112406171,0.01922188875938291
imdb,2,convex_comb,greedy_unique_5_baseline,5,5,0.1384223103523254,,,,llm_experiments_data/arrays/imdb_2_convex_comb_greedy_unique_5_baseline_2025-04-20.npz,0.980759106481637,0.019240893518363
imdb,2,convex_comb,greedy_50_baseline,50,21,0.1249853745102882,,,,llm_experiments_data/arrays/imdb_2_convex_comb_greedy_50_baseline_2025-04-20.npz,0.9823803530352296,0.017619646964770364
imdb,2,convex_comb,greedy_50_temp_baseline,50,21,0.1251706480979919,1.0163265306122449,,,llm_experiments_data/arrays/imdb_2_convex_comb_greedy_50_temp_baseline_2025-04-20.npz,0.9823803530352296,0.017619646964770364
imdb,2,convex_comb,greedy_unique_5_temp_baseline,5,5,0.1362000554800033,0.9061224489795918,,,llm_experiments_data/arrays/imdb_2_convex_comb_greedy_unique_5_temp_baseline_2025-04-20.npz,0.980759106481637,0.019240893518363
imdb,2,convex_comb,greedy_unique_5_post_calib,5,5,0.1368316859006881,0.8683881715951687,0.0,1.0,llm_experiments_data/arrays/imdb_2_convex_comb_greedy_unique_5_post_calib_2025-04-20.npz,0.9806488661769477,0.019351133823052313
imdb,2,convex_comb,greedy_50_post_calib,50,21,0.1250255107879638,1.0121782590587256,0.0,1.0,llm_experiments_data/arrays/imdb_2_convex_comb_greedy_50_post_calib_2025-04-20.npz,0.9823920017080381,0.017607998291961913
imdb,2,convex_comb,greedy_50_calib_once,19,15,0.1252444088459015,1.809645980841316,0.051478550603915,1.0,llm_experiments_data/arrays/imdb_2_convex_comb_greedy_50_calib_once_2025-04-20.npz,0.982778223239307,0.01722177676069303
imdb,2,convex_comb,greedy_50_calib_every_step,12,12,0.1270406395196914,2.032753019575177,0.0539775093710953,1.0,llm_experiments_data/arrays/imdb_2_convex_comb_greedy_50_calib_every_step_2025-04-20.npz,0.9821067144702633,0.01789328552973668
imdb,2,pure_logits,greedy_unique_5_baseline,5,5,0.1384223103523254,,,,llm_experiments_data/arrays/imdb_2_pure_logits_greedy_unique_5_baseline_2025-04-20.npz,0.980759106481637,0.019240893518363
imdb,2,pure_logits,greedy_50_baseline,50,21,0.1249853745102882,,,,llm_experiments_data/arrays/imdb_2_pure_logits_greedy_50_baseline_2025-04-20.npz,0.9823803530352296,0.017619646964770364
imdb,2,pure_logits,greedy_50_temp_baseline,50,21,0.1251706480979919,1.0163265306122449,,,llm_experiments_data/arrays/imdb_2_pure_logits_greedy_50_temp_baseline_2025-04-20.npz,0.9823803530352296,0.017619646964770364
imdb,2,pure_logits,greedy_unique_5_temp_baseline,5,5,0.1362000554800033,0.9061224489795918,,,llm_experiments_data/arrays/imdb_2_pure_logits_greedy_unique_5_temp_baseline_2025-04-20.npz,0.980759106481637,0.019240893518363
imdb,2,pure_logits,greedy_unique_5_post_calib,5,5,0.1345534473657608,1.265472719700125,0.6547271970012495,1.0,llm_experiments_data/arrays/imdb_2_pure_logits_greedy_unique_5_post_calib_2025-04-20.npz,0.9816449966676055,0.01835500333239448
imdb,2,pure_logits,greedy_50_post_calib,50,21,0.1247840598225593,1.1875052061640985,0.9129529362765514,1.0,llm_experiments_data/arrays/imdb_2_pure_logits_greedy_50_post_calib_2025-04-20.npz,0.9826374626356885,0.01736253736431148
imdb,2,pure_logits,greedy_50_calib_once,31,17,0.1248313933610916,1.1311286963765097,3.4835485214493964,1.0,llm_experiments_data/arrays/imdb_2_pure_logits_greedy_50_calib_once_2025-04-20.npz,0.9824228270005261,0.017577172999473922
imdb,2,pure_logits,greedy_50_calib_every_step,22,15,0.1243100762367248,1.075801749271137,3.65847563515202,1.0,llm_experiments_data/arrays/imdb_2_pure_logits_greedy_50_calib_every_step_2025-04-20.npz,0.9823997979049583,0.01760020209504165
imdb,3,convex_comb,greedy_unique_5_baseline,5,5,0.1308992207050323,,,,llm_experiments_data/arrays/imdb_3_convex_comb_greedy_unique_5_baseline_2025-04-20.npz,0.9811119392703952,0.018888060729604805
imdb,3,convex_comb,greedy_50_baseline,50,20,0.1263695061206817,,,,llm_experiments_data/arrays/imdb_3_convex_comb_greedy_50_baseline_2025-04-20.npz,0.9822058554637462,0.01779414453625383
imdb,3,convex_comb,greedy_50_temp_baseline,50,20,0.1261262595653534,1.0163265306122449,,,llm_experiments_data/arrays/imdb_3_convex_comb_greedy_50_temp_baseline_2025-04-20.npz,0.9822058554637462,0.01779414453625383
imdb,3,convex_comb,greedy_unique_5_temp_baseline,5,5,0.1308252960443496,0.9061224489795918,,,llm_experiments_data/arrays/imdb_3_convex_comb_greedy_unique_5_temp_baseline_2025-04-20.npz,0.9811119392703952,0.018888060729604805
imdb,3,convex_comb,greedy_unique_5_post_calib,5,5,0.1306636780500412,0.8186588921282799,0.0489795918367346,1.0,llm_experiments_data/arrays/imdb_3_convex_comb_greedy_unique_5_post_calib_2025-04-20.npz,0.9809653846635176,0.01903461533648243
imdb,3,convex_comb,greedy_50_post_calib,50,20,0.126663938164711,0.949454394002499,0.073469387755102,1.0,llm_experiments_data/arrays/imdb_3_convex_comb_greedy_50_post_calib_2025-04-20.npz,0.9820884370053923,0.01791156299460772
imdb,3,convex_comb,greedy_50_calib_once,20,17,0.128183513879776,1.809645980841316,0.146938775510204,1.0,llm_experiments_data/arrays/imdb_3_convex_comb_greedy_50_calib_once_2025-04-20.npz,0.9824008214401976,0.01759917855980242
imdb,3,convex_comb,greedy_50_calib_every_step,20,16,0.128837764263153,1.7658642232403166,0.1664306538942107,1.0,llm_experiments_data/arrays/imdb_3_convex_comb_greedy_50_calib_every_step_2025-04-20.npz,0.9819615849048655,0.018038415095134486
imdb,3,pure_logits,greedy_unique_5_baseline,5,5,0.1308992207050323,,,,llm_experiments_data/arrays/imdb_3_pure_logits_greedy_unique_5_baseline_2025-04-20.npz,0.9811119392703952,0.018888060729604805
imdb,3,pure_logits,greedy_50_baseline,50,20,0.1263695061206817,,,,llm_experiments_data/arrays/imdb_3_pure_logits_greedy_50_baseline_2025-04-20.npz,0.9822058554637462,0.01779414453625383
imdb,3,pure_logits,greedy_50_temp_baseline,50,20,0.1261262595653534,1.0163265306122449,,,llm_experiments_data/arrays/imdb_3_pure_logits_greedy_50_temp_baseline_2025-04-20.npz,0.9822058554637462,0.01779414453625383
imdb,3,pure_logits,greedy_unique_5_temp_baseline,5,5,0.1308252960443496,0.9061224489795918,,,llm_experiments_data/arrays/imdb_3_pure_logits_greedy_unique_5_temp_baseline_2025-04-20.npz,0.9811119392703952,0.018888060729604805
imdb,3,pure_logits,greedy_unique_5_post_calib,5,5,0.130712553858757,1.0224739691795086,0.9062890462307372,1.0,llm_experiments_data/arrays/imdb_3_pure_logits_greedy_unique_5_post_calib_2025-04-20.npz,0.9815234708889254,0.018476529111074558
imdb,3,pure_logits,greedy_50_post_calib,50,20,0.126470685005188,1.0828488129945857,0.9662640566430654,1.0,llm_experiments_data/arrays/imdb_3_pure_logits_greedy_50_post_calib_2025-04-20.npz,0.982402518181454,0.017597481818546035
imdb,3,pure_logits,greedy_50_calib_once,22,14,0.125908225774765,1.3963182007496877,2.620574760516451,1.0,llm_experiments_data/arrays/imdb_3_pure_logits_greedy_50_calib_once_2025-04-20.npz,0.9820346263423663,0.017965373657633732
imdb,3,pure_logits,greedy_50_calib_every_step,20,15,0.1265313327312469,1.3182007496876302,2.3590170762182425,1.0,llm_experiments_data/arrays/imdb_3_pure_logits_greedy_50_calib_every_step_2025-04-20.npz,0.9811874951470129,0.018812504852987133
imdb,4,convex_comb,greedy_unique_5_baseline,5,5,0.1434182375669479,,,,llm_experiments_data/arrays/imdb_4_convex_comb_greedy_unique_5_baseline_2025-04-20.npz,0.9798085632713537,0.020191436728646317
imdb,4,convex_comb,greedy_50_baseline,50,21,0.1295195668935775,,,,llm_experiments_data/arrays/imdb_4_convex_comb_greedy_50_baseline_2025-04-20.npz,0.9812800706238075,0.01871992937619249
imdb,4,convex_comb,greedy_50_temp_baseline,50,21,0.1278975158929824,1.0714285714285714,,,llm_experiments_data/arrays/imdb_4_convex_comb_greedy_50_temp_baseline_2025-04-20.npz,0.9812800706238075,0.01871992937619249
imdb,4,convex_comb,greedy_unique_5_temp_baseline,5,5,0.1366505622863769,1.1816326530612244,,,llm_experiments_data/arrays/imdb_4_convex_comb_greedy_unique_5_temp_baseline_2025-04-20.npz,0.9798085632713537,0.020191436728646317
imdb,4,convex_comb,greedy_unique_5_post_calib,5,5,0.1342167854309082,1.352436484798001,0.0,1.0,llm_experiments_data/arrays/imdb_4_convex_comb_greedy_unique_5_post_calib_2025-04-20.npz,0.9805676804706356,0.019432319529364417
imdb,4,convex_comb,greedy_50_post_calib,50,21,0.1290177553892135,1.0453644314868804,0.0489795918367346,1.0,llm_experiments_data/arrays/imdb_4_convex_comb_greedy_50_post_calib_2025-04-20.npz,0.9813542717579665,0.018645728242033477
imdb,4,convex_comb,greedy_50_calib_once,26,16,0.1291943937540054,1.809645980841316,0.073469387755102,1.0,llm_experiments_data/arrays/imdb_4_convex_comb_greedy_50_calib_once_2025-04-20.npz,0.9821470938588139,0.017852906141186065
imdb,4,convex_comb,greedy_50_calib_every_step,24,17,0.1282742172479629,1.573744273219492,0.073469387755102,1.0,llm_experiments_data/arrays/imdb_4_convex_comb_greedy_50_calib_every_step_2025-04-20.npz,0.9821516023131774,0.01784839768682256
imdb,4,pure_logits,greedy_unique_5_baseline,5,5,0.1434182375669479,,,,llm_experiments_data/arrays/imdb_4_pure_logits_greedy_unique_5_baseline_2025-04-20.npz,0.9798085632713537,0.020191436728646317
imdb,4,pure_logits,greedy_50_baseline,50,21,0.1295195668935775,,,,llm_experiments_data/arrays/imdb_4_pure_logits_greedy_50_baseline_2025-04-20.npz,0.9812800706238075,0.01871992937619249
imdb,4,pure_logits,greedy_50_temp_baseline,50,21,0.1278975158929824,1.0714285714285714,,,llm_experiments_data/arrays/imdb_4_pure_logits_greedy_50_temp_baseline_2025-04-20.npz,0.9812800706238075,0.01871992937619249
imdb,4,pure_logits,greedy_unique_5_temp_baseline,5,5,0.1366505622863769,1.1816326530612244,,,llm_experiments_data/arrays/imdb_4_pure_logits_greedy_unique_5_temp_baseline_2025-04-20.npz,0.9798085632713537,0.020191436728646317
imdb,4,pure_logits,greedy_unique_5_post_calib,5,5,0.1334708333015442,1.5106705539358602,0.7663473552686381,1.0,llm_experiments_data/arrays/imdb_4_pure_logits_greedy_unique_5_post_calib_2025-04-20.npz,0.9818622624319201,0.018137737568079904
imdb,4,pure_logits,greedy_50_post_calib,50,21,0.1289136707782745,0.995585172844648,1.0329029571012078,1.0,llm_experiments_data/arrays/imdb_4_pure_logits_greedy_50_post_calib_2025-04-20.npz,0.9811911622283311,0.018808837771668863
imdb,4,pure_logits,greedy_50_calib_once,18,12,0.12814661860466,1.1285797584339858,3.358600583090379,1.0,llm_experiments_data/arrays/imdb_4_pure_logits_greedy_50_calib_once_2025-04-20.npz,0.9816086156557915,0.018391384344208506
imdb,4,pure_logits,greedy_50_calib_every_step,15,12,0.127146378159523,0.9872886297376092,3.1236984589754275,1.0,llm_experiments_data/arrays/imdb_4_pure_logits_greedy_50_calib_every_step_2025-04-20.npz,0.9811088924415989,0.018891107558401066
mteb/tweet_sentiment_extraction,0,convex_comb,greedy_unique_5_baseline,5,5,0.5419113039970398,,,,llm_experiments_data/arrays/mteb_tweet_sentiment_extraction_0_convex_comb_greedy_unique_5_baseline_2025-04-20.npz,0.8960601575620758,0.1039398424379242
mteb/tweet_sentiment_extraction,0,convex_comb,greedy_50_baseline,50,26,0.5077022314071655,,,,llm_experiments_data/arrays/mteb_tweet_sentiment_extraction_0_convex_comb_greedy_50_baseline_2025-04-20.npz,0.9074722143458596,0.09252778565414044
mteb/tweet_sentiment_extraction,0,convex_comb,greedy_50_temp_baseline,50,26,0.5073590278625488,1.0163265306122449,,,llm_experiments_data/arrays/mteb_tweet_sentiment_extraction_0_convex_comb_greedy_50_temp_baseline_2025-04-20.npz,0.907477333121785,0.09252266687821498
mteb/tweet_sentiment_extraction,0,convex_comb,greedy_unique_5_temp_baseline,5,5,0.5396257042884827,1.0714285714285714,,,llm_experiments_data/arrays/mteb_tweet_sentiment_extraction_0_convex_comb_greedy_unique_5_temp_baseline_2025-04-20.npz,0.8959464758030029,0.1040535241969971
mteb/tweet_sentiment_extraction,0,convex_comb,greedy_unique_5_post_calib,5,5,0.5348957180976868,1.231686797167847,0.0,1.0,llm_experiments_data/arrays/mteb_tweet_sentiment_extraction_0_convex_comb_greedy_unique_5_post_calib_2025-04-20.npz,0.8971040594498684,0.10289594055013163
mteb/tweet_sentiment_extraction,0,convex_comb,greedy_50_post_calib,50,26,0.5072115659713745,1.0583090379008746,0.0,1.0,llm_experiments_data/arrays/mteb_tweet_sentiment_extraction_0_convex_comb_greedy_50_post_calib_2025-04-20.npz,0.9075844879901762,0.09241551200982379
mteb/tweet_sentiment_extraction,0,convex_comb,greedy_50_calib_once,12,12,0.5144015550613403,2.054843815077051,0.0,1.0,llm_experiments_data/arrays/mteb_tweet_sentiment_extraction_0_convex_comb_greedy_50_calib_once_2025-04-20.npz,0.9055147161670197,0.09448528383298027
mteb/tweet_sentiment_extraction,0,convex_comb,greedy_50_calib_every_step,20,17,0.5087190270423889,1.5481549354435653,0.0,1.0,llm_experiments_data/arrays/mteb_tweet_sentiment_extraction_0_convex_comb_greedy_50_calib_every_step_2025-04-20.npz,0.9083316357230423,0.09166836427695768
mteb/tweet_sentiment_extraction,0,pure_logits,greedy_unique_5_baseline,5,5,0.5419113039970398,,,,llm_experiments_data/arrays/mteb_tweet_sentiment_extraction_0_pure_logits_greedy_unique_5_baseline_2025-04-20.npz,0.8960601575620758,0.1039398424379242
mteb/tweet_sentiment_extraction,0,pure_logits,greedy_50_baseline,50,26,0.5077022314071655,,,,llm_experiments_data/arrays/mteb_tweet_sentiment_extraction_0_pure_logits_greedy_50_baseline_2025-04-20.npz,0.9074722143458596,0.09252778565414044
mteb/tweet_sentiment_extraction,0,pure_logits,greedy_50_temp_baseline,50,26,0.5073590278625488,1.0163265306122449,,,llm_experiments_data/arrays/mteb_tweet_sentiment_extraction_0_pure_logits_greedy_50_temp_baseline_2025-04-20.npz,0.907477333121785,0.09252266687821498
mteb/tweet_sentiment_extraction,0,pure_logits,greedy_unique_5_temp_baseline,5,5,0.5396257042884827,1.0714285714285714,,,llm_experiments_data/arrays/mteb_tweet_sentiment_extraction_0_pure_logits_greedy_unique_5_temp_baseline_2025-04-20.npz,0.8959464758030029,0.1040535241969971
mteb/tweet_sentiment_extraction,0,pure_logits,greedy_unique_5_post_calib,5,5,0.5301840305328369,1.3603831736776342,0.7530195751770096,1.0,llm_experiments_data/arrays/mteb_tweet_sentiment_extraction_0_pure_logits_greedy_unique_5_post_calib_2025-04-20.npz,0.8995688228385235,0.10043117716147654
mteb/tweet_sentiment_extraction,0,pure_logits,greedy_50_post_calib,50,26,0.5067362785339355,1.153219491878384,0.932944606413994,1.0,llm_experiments_data/arrays/mteb_tweet_sentiment_extraction_0_pure_logits_greedy_50_post_calib_2025-04-20.npz,0.9082747198304848,0.0917252801695152
mteb/tweet_sentiment_extraction,0,pure_logits,greedy_50_calib_once,24,20,0.5092896223068237,1.7804581424406498,1.799250312369846,1.0,llm_experiments_data/arrays/mteb_tweet_sentiment_extraction_0_pure_logits_greedy_50_calib_once_2025-04-20.npz,0.906775366897037,0.09322463310296303
mteb/tweet_sentiment_extraction,0,pure_logits,greedy_50_calib_every_step,20,18,0.5079548954963684,1.5060724698042485,1.639316951270304,1.0,llm_experiments_data/arrays/mteb_tweet_sentiment_extraction_0_pure_logits_greedy_50_calib_every_step_2025-04-20.npz,0.908279046088548,0.09172095391145196
mteb/tweet_sentiment_extraction,1,convex_comb,greedy_unique_5_baseline,5,5,0.5260146856307983,,,,llm_experiments_data/arrays/mteb_tweet_sentiment_extraction_1_convex_comb_greedy_unique_5_baseline_2025-04-20.npz,0.8992537957754018,0.10074620422459823
mteb/tweet_sentiment_extraction,1,convex_comb,greedy_50_baseline,50,26,0.4963533878326416,,,,llm_experiments_data/arrays/mteb_tweet_sentiment_extraction_1_convex_comb_greedy_50_baseline_2025-04-20.npz,0.9102914083977743,0.08970859160222566
mteb/tweet_sentiment_extraction,1,convex_comb,greedy_50_temp_baseline,50,26,0.4962351024150848,1.0163265306122449,,,llm_experiments_data/arrays/mteb_tweet_sentiment_extraction_1_convex_comb_greedy_50_temp_baseline_2025-04-20.npz,0.9102560134104606,0.08974398658953942
mteb/tweet_sentiment_extraction,1,convex_comb,greedy_unique_5_temp_baseline,5,5,0.524638831615448,1.126530612244898,,,llm_experiments_data/arrays/mteb_tweet_sentiment_extraction_1_convex_comb_greedy_unique_5_temp_baseline_2025-04-20.npz,0.8991830489544508,0.10081695104554922
mteb/tweet_sentiment_extraction,1,convex_comb,greedy_unique_5_post_calib,5,5,0.5222525596618652,1.286563931695127,0.0,1.0,llm_experiments_data/arrays/mteb_tweet_sentiment_extraction_1_convex_comb_greedy_unique_5_post_calib_2025-04-20.npz,0.8999506956085849,0.10004930439141513
mteb/tweet_sentiment_extraction,1,convex_comb,greedy_50_post_calib,50,26,0.4968961179256439,1.121932528113286,0.0,1.0,llm_experiments_data/arrays/mteb_tweet_sentiment_extraction_1_convex_comb_greedy_50_post_calib_2025-04-20.npz,0.9104584467637997,0.08954155323620028
mteb/tweet_sentiment_extraction,1,convex_comb,greedy_50_calib_once,19,17,0.5097183585166931,2.0716867971678465,0.0,1.0,llm_experiments_data/arrays/mteb_tweet_sentiment_extraction_1_convex_comb_greedy_50_calib_once_2025-04-20.npz,0.9084658472444826,0.09153415275551735
mteb/tweet_sentiment_extraction,1,convex_comb,greedy_50_calib_every_step,21,19,0.5016462802886963,1.6980924614743858,0.0,1.0,llm_experiments_data/arrays/mteb_tweet_sentiment_extraction_1_convex_comb_greedy_50_calib_every_step_2025-04-20.npz,0.9097327203169168,0.09026727968308323
mteb/tweet_sentiment_extraction,1,pure_logits,greedy_unique_5_baseline,5,5,0.5260146856307983,,,,llm_experiments_data/arrays/mteb_tweet_sentiment_extraction_1_pure_logits_greedy_unique_5_baseline_2025-04-20.npz,0.8992537957754018,0.10074620422459823
mteb/tweet_sentiment_extraction,1,pure_logits,greedy_50_baseline,50,26,0.4963533878326416,,,,llm_experiments_data/arrays/mteb_tweet_sentiment_extraction_1_pure_logits_greedy_50_baseline_2025-04-20.npz,0.9102914083977743,0.08970859160222566
mteb/tweet_sentiment_extraction,1,pure_logits,greedy_50_temp_baseline,50,26,0.4962351024150848,1.0163265306122449,,,llm_experiments_data/arrays/mteb_tweet_sentiment_extraction_1_pure_logits_greedy_50_temp_baseline_2025-04-20.npz,0.9102560134104606,0.08974398658953942
mteb/tweet_sentiment_extraction,1,pure_logits,greedy_unique_5_temp_baseline,5,5,0.524638831615448,1.126530612244898,,,llm_experiments_data/arrays/mteb_tweet_sentiment_extraction_1_pure_logits_greedy_unique_5_temp_baseline_2025-04-20.npz,0.8991830489544508,0.10081695104554922
mteb/tweet_sentiment_extraction,1,pure_logits,greedy_unique_5_post_calib,5,5,0.5204228162765503,1.4630903790087464,0.6397334443981675,1.0,llm_experiments_data/arrays/mteb_tweet_sentiment_extraction_1_pure_logits_greedy_unique_5_post_calib_2025-04-20.npz,0.9026992797164319,0.09730072028356807
mteb/tweet_sentiment_extraction,1,pure_logits,greedy_50_post_calib,50,26,0.4978979229927063,1.281865889212828,0.8929612661391086,1.0,llm_experiments_data/arrays/mteb_tweet_sentiment_extraction_1_pure_logits_greedy_50_post_calib_2025-04-20.npz,0.9111434089705467,0.08885659102945331
mteb/tweet_sentiment_extraction,1,pure_logits,greedy_50_calib_once,16,15,0.5065592527389526,1.983573511037068,1.2894627238650562,1.0,llm_experiments_data/arrays/mteb_tweet_sentiment_extraction_1_pure_logits_greedy_50_calib_once_2025-04-20.npz,0.9080184445855466,0.09198155541445341
mteb/tweet_sentiment_extraction,1,pure_logits,greedy_50_calib_every_step,22,20,0.5019837021827698,1.753869221157851,1.799250312369846,1.0,llm_experiments_data/arrays/mteb_tweet_sentiment_extraction_1_pure_logits_greedy_50_calib_every_step_2025-04-20.npz,0.9086548264902833,0.09134517350971672
mteb/tweet_sentiment_extraction,2,convex_comb,greedy_unique_5_baseline,5,5,0.5333333015441895,,,,llm_experiments_data/arrays/mteb_tweet_sentiment_extraction_2_convex_comb_greedy_unique_5_baseline_2025-04-20.npz,0.8989339612423256,0.10106603875767439
mteb/tweet_sentiment_extraction,2,convex_comb,greedy_50_baseline,50,26,0.5011298060417175,,,,llm_experiments_data/arrays/mteb_tweet_sentiment_extraction_2_convex_comb_greedy_50_baseline_2025-04-20.npz,0.906562943739956,0.09343705626004395
mteb/tweet_sentiment_extraction,2,convex_comb,greedy_50_temp_baseline,50,26,0.5009475946426392,1.0163265306122449,,,llm_experiments_data/arrays/mteb_tweet_sentiment_extraction_2_convex_comb_greedy_50_temp_baseline_2025-04-20.npz,0.9065592372391442,0.09344076276085578
mteb/tweet_sentiment_extraction,2,convex_comb,greedy_unique_5_temp_baseline,5,5,0.5314382314682007,1.126530612244898,,,llm_experiments_data/arrays/mteb_tweet_sentiment_extraction_2_convex_comb_greedy_unique_5_temp_baseline_2025-04-20.npz,0.8988639480665235,0.10113605193347652
mteb/tweet_sentiment_extraction,2,convex_comb,greedy_unique_5_post_calib,5,5,0.5273095965385437,1.276018325697626,0.0,1.0,llm_experiments_data/arrays/mteb_tweet_sentiment_extraction_2_convex_comb_greedy_unique_5_post_calib_2025-04-20.npz,0.8999283468635021,0.1000716531364979
mteb/tweet_sentiment_extraction,2,convex_comb,greedy_50_post_calib,50,26,0.5008242726325989,1.0495626822157431,0.0,1.0,llm_experiments_data/arrays/mteb_tweet_sentiment_extraction_2_convex_comb_greedy_50_post_calib_2025-04-20.npz,0.9066706157785003,0.09332938422149972
mteb/tweet_sentiment_extraction,2,convex_comb,greedy_50_calib_once,30,19,0.5076231360435486,2.054843815077051,0.0,1.0,llm_experiments_data/arrays/mteb_tweet_sentiment_extraction_2_convex_comb_greedy_50_calib_once_2025-04-20.npz,0.9093531691563245,0.09064683084367553
mteb/tweet_sentiment_extraction,2,convex_comb,greedy_50_calib_every_step,24,19,0.5016009211540222,1.4630903790087464,0.0,1.0,llm_experiments_data/arrays/mteb_tweet_sentiment_extraction_2_convex_comb_greedy_50_calib_every_step_2025-04-20.npz,0.9081526650858558,0.09184733491414421
mteb/tweet_sentiment_extraction,2,pure_logits,greedy_unique_5_baseline,5,5,0.5333333015441895,,,,llm_experiments_data/arrays/mteb_tweet_sentiment_extraction_2_pure_logits_greedy_unique_5_baseline_2025-04-20.npz,0.8989339612423256,0.10106603875767439
mteb/tweet_sentiment_extraction,2,pure_logits,greedy_50_baseline,50,26,0.5011298060417175,,,,llm_experiments_data/arrays/mteb_tweet_sentiment_extraction_2_pure_logits_greedy_50_baseline_2025-04-20.npz,0.906562943739956,0.09343705626004395
mteb/tweet_sentiment_extraction,2,pure_logits,greedy_50_temp_baseline,50,26,0.5009475946426392,1.0163265306122449,,,llm_experiments_data/arrays/mteb_tweet_sentiment_extraction_2_pure_logits_greedy_50_temp_baseline_2025-04-20.npz,0.9065592372391442,0.09344076276085578
mteb/tweet_sentiment_extraction,2,pure_logits,greedy_unique_5_temp_baseline,5,5,0.5314382314682007,1.126530612244898,,,llm_experiments_data/arrays/mteb_tweet_sentiment_extraction_2_pure_logits_greedy_unique_5_temp_baseline_2025-04-20.npz,0.8988639480665235,0.10113605193347652
mteb/tweet_sentiment_extraction,2,pure_logits,greedy_unique_5_post_calib,5,5,0.5220748782157898,1.4274052478134114,0.694710537276135,1.0,llm_experiments_data/arrays/mteb_tweet_sentiment_extraction_2_pure_logits_greedy_unique_5_post_calib_2025-04-20.npz,0.902961917565213,0.09703808243478695
mteb/tweet_sentiment_extraction,2,pure_logits,greedy_50_post_calib,50,26,0.500332236289978,1.1283298625572675,0.94960433152853,1.0,llm_experiments_data/arrays/mteb_tweet_sentiment_extraction_2_pure_logits_greedy_50_post_calib_2025-04-20.npz,0.9074830554892974,0.09251694451070258
mteb/tweet_sentiment_extraction,2,pure_logits,greedy_50_calib_once,30,20,0.5060797333717346,1.8353352769679303,1.7059558517284463,1.0,llm_experiments_data/arrays/mteb_tweet_sentiment_extraction_2_pure_logits_greedy_50_calib_once_2025-04-20.npz,0.9089830819403113,0.0910169180596887
mteb/tweet_sentiment_extraction,2,pure_logits,greedy_50_calib_every_step,28,23,0.4992952346801758,1.4393002915451896,1.8892128279883385,1.0,llm_experiments_data/arrays/mteb_tweet_sentiment_extraction_2_pure_logits_greedy_50_calib_every_step_2025-04-20.npz,0.9087907964660109,0.09120920353398909
mteb/tweet_sentiment_extraction,3,convex_comb,greedy_unique_5_baseline,5,5,0.5318763256072998,,,,llm_experiments_data/arrays/mteb_tweet_sentiment_extraction_3_convex_comb_greedy_unique_5_baseline_2025-04-20.npz,0.8945336225385531,0.10546637746144694
mteb/tweet_sentiment_extraction,3,convex_comb,greedy_50_baseline,50,28,0.4969528615474701,,,,llm_experiments_data/arrays/mteb_tweet_sentiment_extraction_3_convex_comb_greedy_50_baseline_2025-04-20.npz,0.9100246322382524,0.08997536776174764
mteb/tweet_sentiment_extraction,3,convex_comb,greedy_50_temp_baseline,50,28,0.496857225894928,1.0163265306122449,,,llm_experiments_data/arrays/mteb_tweet_sentiment_extraction_3_convex_comb_greedy_50_temp_baseline_2025-04-20.npz,0.9100195379105229,0.08998046208947708
mteb/tweet_sentiment_extraction,3,convex_comb,greedy_unique_5_temp_baseline,5,5,0.530012309551239,1.0714285714285714,,,llm_experiments_data/arrays/mteb_tweet_sentiment_extraction_3_convex_comb_greedy_unique_5_temp_baseline_2025-04-20.npz,0.8944816545778304,0.10551834542216965
mteb/tweet_sentiment_extraction,3,convex_comb,greedy_unique_5_post_calib,5,5,0.5262352824211121,1.2057476051645146,0.0,1.0,llm_experiments_data/arrays/mteb_tweet_sentiment_extraction_3_convex_comb_greedy_unique_5_post_calib_2025-04-20.npz,0.8961775555413551,0.10382244445864486
mteb/tweet_sentiment_extraction,3,convex_comb,greedy_50_post_calib,50,28,0.496894508600235,1.0121782590587256,0.0,1.0,llm_experiments_data/arrays/mteb_tweet_sentiment_extraction_3_convex_comb_greedy_50_post_calib_2025-04-20.npz,0.9100240086283334,0.08997599137166656
mteb/tweet_sentiment_extraction,3,convex_comb,greedy_50_calib_once,29,19,0.5023015141487122,2.054843815077051,0.0,1.0,llm_experiments_data/arrays/mteb_tweet_sentiment_extraction_3_convex_comb_greedy_50_calib_once_2025-04-20.npz,0.9125187868189527,0.08748121318104729
mteb/tweet_sentiment_extraction,3,convex_comb,greedy_50_calib_every_step,22,19,0.496432214975357,1.4393002915451896,0.0,1.0,llm_experiments_data/arrays/mteb_tweet_sentiment_extraction_3_convex_comb_greedy_50_calib_every_step_2025-04-20.npz,0.9114160377160909,0.08858396228390908
mteb/tweet_sentiment_extraction,3,pure_logits,greedy_unique_5_baseline,5,5,0.5318763256072998,,,,llm_experiments_data/arrays/mteb_tweet_sentiment_extraction_3_pure_logits_greedy_unique_5_baseline_2025-04-20.npz,0.8945336225385531,0.10546637746144694
mteb/tweet_sentiment_extraction,3,pure_logits,greedy_50_baseline,50,28,0.4969528615474701,,,,llm_experiments_data/arrays/mteb_tweet_sentiment_extraction_3_pure_logits_greedy_50_baseline_2025-04-20.npz,0.9100246322382524,0.08997536776174764
mteb/tweet_sentiment_extraction,3,pure_logits,greedy_50_temp_baseline,50,28,0.496857225894928,1.0163265306122449,,,llm_experiments_data/arrays/mteb_tweet_sentiment_extraction_3_pure_logits_greedy_50_temp_baseline_2025-04-20.npz,0.9100195379105229,0.08998046208947708
mteb/tweet_sentiment_extraction,3,pure_logits,greedy_unique_5_temp_baseline,5,5,0.530012309551239,1.0714285714285714,,,llm_experiments_data/arrays/mteb_tweet_sentiment_extraction_3_pure_logits_greedy_unique_5_temp_baseline_2025-04-20.npz,0.8944816545778304,0.10551834542216965
mteb/tweet_sentiment_extraction,3,pure_logits,greedy_unique_5_post_calib,5,5,0.5184579491615295,1.4192086630570595,0.6247396917950854,1.0,llm_experiments_data/arrays/mteb_tweet_sentiment_extraction_3_pure_logits_greedy_unique_5_post_calib_2025-04-20.npz,0.901986216420313,0.09801378357968704
mteb/tweet_sentiment_extraction,3,pure_logits,greedy_50_post_calib,50,28,0.4962888360023498,1.1142357351103709,0.941274468971262,1.0,llm_experiments_data/arrays/mteb_tweet_sentiment_extraction_3_pure_logits_greedy_50_post_calib_2025-04-20.npz,0.910677368146874,0.08932263185312606
mteb/tweet_sentiment_extraction,3,pure_logits,greedy_50_calib_once,17,17,0.5016424655914307,1.809645980841316,1.82923781757601,1.0,llm_experiments_data/arrays/mteb_tweet_sentiment_extraction_3_pure_logits_greedy_50_calib_once_2025-04-20.npz,0.9108797722689412,0.08912022773105877
mteb/tweet_sentiment_extraction,3,pure_logits,greedy_50_calib_every_step,31,24,0.4996831119060516,1.1812078300708038,2.5189504373177845,1.0,llm_experiments_data/arrays/mteb_tweet_sentiment_extraction_3_pure_logits_greedy_50_calib_every_step_2025-04-20.npz,0.9113725784629104,0.08862742153708958
mteb/tweet_sentiment_extraction,4,convex_comb,greedy_unique_5_baseline,5,5,0.5225674510002136,,,,llm_experiments_data/arrays/mteb_tweet_sentiment_extraction_4_convex_comb_greedy_unique_5_baseline_2025-04-20.npz,0.9022789850690974,0.09772101493090257
mteb/tweet_sentiment_extraction,4,convex_comb,greedy_50_baseline,50,26,0.4879655241966247,,,,llm_experiments_data/arrays/mteb_tweet_sentiment_extraction_4_convex_comb_greedy_50_baseline_2025-04-20.npz,0.9113428121841589,0.08865718781584109
mteb/tweet_sentiment_extraction,4,convex_comb,greedy_50_temp_baseline,50,26,0.4882253408432007,1.0163265306122449,,,llm_experiments_data/arrays/mteb_tweet_sentiment_extraction_4_convex_comb_greedy_50_temp_baseline_2025-04-20.npz,0.9113408053548183,0.08865919464518168
mteb/tweet_sentiment_extraction,4,convex_comb,greedy_unique_5_temp_baseline,5,5,0.5212197303771973,1.126530612244898,,,llm_experiments_data/arrays/mteb_tweet_sentiment_extraction_4_convex_comb_greedy_unique_5_temp_baseline_2025-04-20.npz,0.9020386858436725,0.09796131415632747
mteb/tweet_sentiment_extraction,4,convex_comb,greedy_unique_5_post_calib,5,5,0.5175235271453857,1.297109537692628,0.0,1.0,llm_experiments_data/arrays/mteb_tweet_sentiment_extraction_4_convex_comb_greedy_unique_5_post_calib_2025-04-20.npz,0.9031662245842986,0.09683377541570137
mteb/tweet_sentiment_extraction,4,convex_comb,greedy_50_post_calib,50,26,0.4881510734558105,1.0370678883798417,0.0,1.0,llm_experiments_data/arrays/mteb_tweet_sentiment_extraction_4_convex_comb_greedy_50_post_calib_2025-04-20.npz,0.9114428467328886,0.08855715326711144
mteb/tweet_sentiment_extraction,4,convex_comb,greedy_50_calib_once,30,20,0.4956796765327453,2.092428154935444,0.0,1.0,llm_experiments_data/arrays/mteb_tweet_sentiment_extraction_4_convex_comb_greedy_50_calib_once_2025-04-20.npz,0.9128803707541786,0.0871196292458214
mteb/tweet_sentiment_extraction,4,convex_comb,greedy_50_calib_every_step,26,21,0.4897838830947876,1.53076218242399,0.0,1.0,llm_experiments_data/arrays/mteb_tweet_sentiment_extraction_4_convex_comb_greedy_50_calib_every_step_2025-04-20.npz,0.912574297475702,0.08742570252429804
mteb/tweet_sentiment_extraction,4,pure_logits,greedy_unique_5_baseline,5,5,0.5225674510002136,,,,llm_experiments_data/arrays/mteb_tweet_sentiment_extraction_4_pure_logits_greedy_unique_5_baseline_2025-04-20.npz,0.9022789850690974,0.09772101493090257
mteb/tweet_sentiment_extraction,4,pure_logits,greedy_50_baseline,50,26,0.4879655241966247,,,,llm_experiments_data/arrays/mteb_tweet_sentiment_extraction_4_pure_logits_greedy_50_baseline_2025-04-20.npz,0.9113428121841589,0.08865718781584109
mteb/tweet_sentiment_extraction,4,pure_logits,greedy_50_temp_baseline,50,26,0.4882253408432007,1.0163265306122449,,,llm_experiments_data/arrays/mteb_tweet_sentiment_extraction_4_pure_logits_greedy_50_temp_baseline_2025-04-20.npz,0.9113408053548183,0.08865919464518168
mteb/tweet_sentiment_extraction,4,pure_logits,greedy_unique_5_temp_baseline,5,5,0.5212197303771973,1.126530612244898,,,llm_experiments_data/arrays/mteb_tweet_sentiment_extraction_4_pure_logits_greedy_unique_5_temp_baseline_2025-04-20.npz,0.9020386858436725,0.09796131415632747
mteb/tweet_sentiment_extraction,4,pure_logits,greedy_unique_5_post_calib,5,5,0.5115422606468201,1.4274052478134114,0.694710537276135,1.0,llm_experiments_data/arrays/mteb_tweet_sentiment_extraction_4_pure_logits_greedy_unique_5_post_calib_2025-04-20.npz,0.9053095070494204,0.09469049295057963
mteb/tweet_sentiment_extraction,4,pure_logits,greedy_50_post_calib,50,26,0.4880893230438232,1.1117367763431902,0.9579341940857976,1.0,llm_experiments_data/arrays/mteb_tweet_sentiment_extraction_4_pure_logits_greedy_50_post_calib_2025-04-20.npz,0.9118179124134215,0.08818208758657853
mteb/tweet_sentiment_extraction,4,pure_logits,greedy_50_calib_once,36,21,0.4953800439834595,1.8202915451895043,1.844231570179092,1.0,llm_experiments_data/arrays/mteb_tweet_sentiment_extraction_4_pure_logits_greedy_50_calib_once_2025-04-20.npz,0.9125412695567472,0.08745873044325281
mteb/tweet_sentiment_extraction,4,pure_logits,greedy_50_calib_every_step,28,21,0.489339530467987,1.4420991253644315,1.9825072886297377,1.0,llm_experiments_data/arrays/mteb_tweet_sentiment_extraction_4_pure_logits_greedy_50_calib_every_step_2025-04-20.npz,0.9115219107732326,0.08847808922676736
ag_news,0,convex_comb,greedy_unique_5_baseline,5,5,0.2319172620773315,,,,llm_experiments_data/arrays/ag_news_0_convex_comb_greedy_unique_5_baseline_2025-04-20.npz,0.9770955608387676,0.022904439161232415
ag_news,0,convex_comb,greedy_50_baseline,50,29,0.1978360414505005,,,,llm_experiments_data/arrays/ag_news_0_convex_comb_greedy_50_baseline_2025-04-20.npz,0.9748134279099466,0.025186572090053372
ag_news,0,convex_comb,greedy_50_temp_baseline,50,29,0.1976282000541687,1.0163265306122449,,,llm_experiments_data/arrays/ag_news_0_convex_comb_greedy_50_temp_baseline_2025-04-20.npz,0.9747937581835173,0.025206241816482677
ag_news,0,convex_comb,greedy_unique_5_temp_baseline,5,5,0.2054621577262878,1.4571428571428573,,,llm_experiments_data/arrays/ag_news_0_convex_comb_greedy_unique_5_temp_baseline_2025-04-20.npz,0.9770518658144695,0.022948134185530544
ag_news,0,convex_comb,greedy_unique_5_post_calib,5,5,0.1998860239982605,1.6290712203248647,0.0,1.0,llm_experiments_data/arrays/ag_news_0_convex_comb_greedy_unique_5_post_calib_2025-04-20.npz,0.9776387525074276,0.0223612474925724
ag_news,0,convex_comb,greedy_50_post_calib,50,29,0.1936988532543182,1.3848729695960018,0.0,1.0,llm_experiments_data/arrays/ag_news_0_convex_comb_greedy_50_post_calib_2025-04-20.npz,0.9762728351334882,0.02372716486651183
ag_news,0,convex_comb,greedy_50_calib_once,22,20,0.1906897574663162,1.8202915451895043,0.0,1.0,llm_experiments_data/arrays/ag_news_0_convex_comb_greedy_50_calib_once_2025-04-20.npz,0.9787174663004796,0.02128253369952038
ag_news,0,convex_comb,greedy_50_calib_every_step,25,22,0.191370278596878,1.795052061640983,0.0,1.0,llm_experiments_data/arrays/ag_news_0_convex_comb_greedy_50_calib_every_step_2025-04-20.npz,0.9785995388425544,0.02140046115744565
ag_news,0,pure_logits,greedy_unique_5_baseline,5,5,0.2319172620773315,,,,llm_experiments_data/arrays/ag_news_0_pure_logits_greedy_unique_5_baseline_2025-04-20.npz,0.9770955608387676,0.022904439161232415
ag_news,0,pure_logits,greedy_50_baseline,50,29,0.1978360414505005,,,,llm_experiments_data/arrays/ag_news_0_pure_logits_greedy_50_baseline_2025-04-20.npz,0.9748134279099466,0.025186572090053372
ag_news,0,pure_logits,greedy_50_temp_baseline,50,29,0.1976282000541687,1.0163265306122449,,,llm_experiments_data/arrays/ag_news_0_pure_logits_greedy_50_temp_baseline_2025-04-20.npz,0.9747937581835173,0.025206241816482677
ag_news,0,pure_logits,greedy_unique_5_temp_baseline,5,5,0.2054621577262878,1.4571428571428573,,,llm_experiments_data/arrays/ag_news_0_pure_logits_greedy_unique_5_temp_baseline_2025-04-20.npz,0.9770518658144695,0.022948134185530544
ag_news,0,pure_logits,greedy_unique_5_post_calib,5,5,0.1978672444820404,1.7255810079133695,0.6247396917950854,1.0,llm_experiments_data/arrays/ag_news_0_pure_logits_greedy_unique_5_post_calib_2025-04-20.npz,0.9779635906341538,0.022036409365846166
ag_news,0,pure_logits,greedy_50_post_calib,50,29,0.1908816695213318,1.650512286547272,0.7330279050395669,1.0,llm_experiments_data/arrays/ag_news_0_pure_logits_greedy_50_post_calib_2025-04-20.npz,0.9777728924650493,0.02222710753495072
ag_news,0,pure_logits,greedy_50_calib_once,20,19,0.1927261501550674,1.573744273219492,1.5593502707205331,1.0,llm_experiments_data/arrays/ag_news_0_pure_logits_greedy_50_calib_once_2025-04-20.npz,0.9784509595697003,0.021549040430299704
ag_news,0,pure_logits,greedy_50_calib_every_step,22,20,0.1919605433940887,1.5184173261141192,1.639316951270304,1.0,llm_experiments_data/arrays/ag_news_0_pure_logits_greedy_50_calib_every_step_2025-04-20.npz,0.9782962453297739,0.021703754670226116
ag_news,1,convex_comb,greedy_unique_5_baseline,5,5,0.2355262190103531,,,,llm_experiments_data/arrays/ag_news_1_convex_comb_greedy_unique_5_baseline_2025-04-20.npz,0.9769027850569959,0.023097214943004096
ag_news,1,convex_comb,greedy_50_baseline,50,28,0.2012188732624054,,,,llm_experiments_data/arrays/ag_news_1_convex_comb_greedy_50_baseline_2025-04-20.npz,0.9744710578693547,0.02552894213064527
ag_news,1,convex_comb,greedy_50_temp_baseline,50,28,0.2009114772081375,1.0163265306122449,,,llm_experiments_data/arrays/ag_news_1_convex_comb_greedy_50_temp_baseline_2025-04-20.npz,0.9744773712037585,0.025522628796241453
ag_news,1,convex_comb,greedy_unique_5_temp_baseline,5,5,0.2071631550788879,1.5122448979591838,,,llm_experiments_data/arrays/ag_news_1_convex_comb_greedy_unique_5_temp_baseline_2025-04-20.npz,0.9769623410613446,0.023037658938655392
ag_news,1,convex_comb,greedy_unique_5_post_calib,5,5,0.2012162059545517,1.6423157017909205,0.0,1.0,llm_experiments_data/arrays/ag_news_1_convex_comb_greedy_unique_5_post_calib_2025-04-20.npz,0.9773717948145247,0.02262820518547526
ag_news,1,convex_comb,greedy_50_post_calib,50,28,0.1963721662759781,1.3634319033735944,0.0,1.0,llm_experiments_data/arrays/ag_news_1_convex_comb_greedy_50_post_calib_2025-04-20.npz,0.9762228902397061,0.023777109760293902
ag_news,1,convex_comb,greedy_50_calib_once,23,22,0.1932644844055175,1.809645980841316,0.0,1.0,llm_experiments_data/arrays/ag_news_1_convex_comb_greedy_50_calib_once_2025-04-20.npz,0.9779449546529402,0.02205504534705982
ag_news,1,convex_comb,greedy_50_calib_every_step,21,20,0.1932016164064407,1.795052061640983,0.0,1.0,llm_experiments_data/arrays/ag_news_1_convex_comb_greedy_50_calib_every_step_2025-04-20.npz,0.9779644208541909,0.022035579145809114
ag_news,1,pure_logits,greedy_unique_5_baseline,5,5,0.2355262190103531,,,,llm_experiments_data/arrays/ag_news_1_pure_logits_greedy_unique_5_baseline_2025-04-20.npz,0.9769027850569959,0.023097214943004096
ag_news,1,pure_logits,greedy_50_baseline,50,28,0.2012188732624054,,,,llm_experiments_data/arrays/ag_news_1_pure_logits_greedy_50_baseline_2025-04-20.npz,0.9744710578693547,0.02552894213064527
ag_news,1,pure_logits,greedy_50_temp_baseline,50,28,0.2009114772081375,1.0163265306122449,,,llm_experiments_data/arrays/ag_news_1_pure_logits_greedy_50_temp_baseline_2025-04-20.npz,0.9744773712037585,0.025522628796241453
ag_news,1,pure_logits,greedy_unique_5_temp_baseline,5,5,0.2071631550788879,1.5122448979591838,,,llm_experiments_data/arrays/ag_news_1_pure_logits_greedy_unique_5_temp_baseline_2025-04-20.npz,0.9769623410613446,0.023037658938655392
ag_news,1,pure_logits,greedy_unique_5_post_calib,5,5,0.1977183818817138,1.809645980841316,0.599750104123282,1.0,llm_experiments_data/arrays/ag_news_1_pure_logits_greedy_unique_5_post_calib_2025-04-20.npz,0.9777423148883113,0.022257685111688685
ag_news,1,pure_logits,greedy_50_post_calib,50,28,0.1933009922504425,1.637717617659309,0.7396917950853812,1.0,llm_experiments_data/arrays/ag_news_1_pure_logits_greedy_50_post_calib_2025-04-20.npz,0.9776698397809664,0.022330160219033557
ag_news,1,pure_logits,greedy_50_calib_once,26,22,0.1950062066316604,1.602582257392753,1.434402332361516,1.0,llm_experiments_data/arrays/ag_news_1_pure_logits_greedy_50_calib_once_2025-04-20.npz,0.977690534603046,0.022309465396953998
ag_news,1,pure_logits,greedy_50_calib_every_step,24,21,0.1951475739479065,1.5628488129945857,1.5160349854227406,1.0,llm_experiments_data/arrays/ag_news_1_pure_logits_greedy_50_calib_every_step_2025-04-20.npz,0.9776353683987994,0.022364631601200613
ag_news,2,convex_comb,greedy_unique_5_baseline,5,5,0.2338477969169616,,,,llm_experiments_data/arrays/ag_news_2_convex_comb_greedy_unique_5_baseline_2025-04-20.npz,0.9766804608782431,0.023319539121756883
ag_news,2,convex_comb,greedy_50_baseline,50,29,0.1982008218765258,,,,llm_experiments_data/arrays/ag_news_2_convex_comb_greedy_50_baseline_2025-04-20.npz,0.9742130041913317,0.025786995808668278
ag_news,2,convex_comb,greedy_50_temp_baseline,50,29,0.1980333030223846,1.0163265306122449,,,llm_experiments_data/arrays/ag_news_2_convex_comb_greedy_50_temp_baseline_2025-04-20.npz,0.9741835614216368,0.025816438578363243
ag_news,2,convex_comb,greedy_unique_5_temp_baseline,5,5,0.2079926282167434,1.4571428571428573,,,llm_experiments_data/arrays/ag_news_2_convex_comb_greedy_unique_5_temp_baseline_2025-04-20.npz,0.9766057507764054,0.023394249223594565
ag_news,2,convex_comb,greedy_unique_5_post_calib,5,5,0.2023528963327407,1.615826738858809,0.0,1.0,llm_experiments_data/arrays/ag_news_2_convex_comb_greedy_unique_5_post_calib_2025-04-20.npz,0.9770959625262754,0.022904037473724603
ag_news,2,convex_comb,greedy_50_post_calib,50,29,0.1947339475154876,1.3848729695960018,0.0,1.0,llm_experiments_data/arrays/ag_news_2_convex_comb_greedy_50_post_calib_2025-04-20.npz,0.975738589456559,0.024261410543440998
ag_news,2,convex_comb,greedy_50_calib_once,20,19,0.1915436685085296,1.8353352769679303,0.0,1.0,llm_experiments_data/arrays/ag_news_2_convex_comb_greedy_50_calib_once_2025-04-20.npz,0.9778431932820058,0.02215680671799425
ag_news,2,convex_comb,greedy_50_calib_every_step,20,20,0.1915388852357864,1.7658642232403166,0.0,1.0,llm_experiments_data/arrays/ag_news_2_convex_comb_greedy_50_calib_every_step_2025-04-20.npz,0.9778913975819019,0.02210860241809809
ag_news,2,pure_logits,greedy_unique_5_baseline,5,5,0.2338477969169616,,,,llm_experiments_data/arrays/ag_news_2_pure_logits_greedy_unique_5_baseline_2025-04-20.npz,0.9766804608782431,0.023319539121756883
ag_news,2,pure_logits,greedy_50_baseline,50,29,0.1982008218765258,,,,llm_experiments_data/arrays/ag_news_2_pure_logits_greedy_50_baseline_2025-04-20.npz,0.9742130041913317,0.025786995808668278
ag_news,2,pure_logits,greedy_50_temp_baseline,50,29,0.1980333030223846,1.0163265306122449,,,llm_experiments_data/arrays/ag_news_2_pure_logits_greedy_50_temp_baseline_2025-04-20.npz,0.9741835614216368,0.025816438578363243
ag_news,2,pure_logits,greedy_unique_5_temp_baseline,5,5,0.2079926282167434,1.4571428571428573,,,llm_experiments_data/arrays/ag_news_2_pure_logits_greedy_unique_5_temp_baseline_2025-04-20.npz,0.9766057507764054,0.023394249223594565
ag_news,2,pure_logits,greedy_unique_5_post_calib,5,5,0.2002874165773391,1.7255810079133695,0.534777176176593,1.0,llm_experiments_data/arrays/ag_news_2_pure_logits_greedy_unique_5_post_calib_2025-04-20.npz,0.9775784984161047,0.02242150158389533
ag_news,2,pure_logits,greedy_50_post_calib,50,29,0.1918625086545944,1.6690045814244066,0.7097042898792171,1.0,llm_experiments_data/arrays/ag_news_2_pure_logits_greedy_50_post_calib_2025-04-20.npz,0.9775364571687871,0.02246354283121288
ag_news,2,pure_logits,greedy_50_calib_once,17,13,0.1935279071331024,1.5865389421074554,2.533944189920866,1.0,llm_experiments_data/arrays/ag_news_2_pure_logits_greedy_50_calib_once_2025-04-20.npz,0.9776664430214976,0.022333556978502367
ag_news,2,pure_logits,greedy_50_calib_every_step,25,22,0.1918960064649582,1.4420991253644315,1.784256559766764,1.0,llm_experiments_data/arrays/ag_news_2_pure_logits_greedy_50_calib_every_step_2025-04-20.npz,0.9776827528588203,0.022317247141179664
ag_news,3,convex_comb,greedy_unique_5_baseline,5,5,0.2329772561788559,,,,llm_experiments_data/arrays/ag_news_3_convex_comb_greedy_unique_5_baseline_2025-04-20.npz,0.9772571380336796,0.02274286196632036
ag_news,3,convex_comb,greedy_50_baseline,50,30,0.1924930810928344,,,,llm_experiments_data/arrays/ag_news_3_convex_comb_greedy_50_baseline_2025-04-20.npz,0.9757404757966212,0.024259524203378846
ag_news,3,convex_comb,greedy_50_temp_baseline,50,30,0.1922597289085388,1.0163265306122449,,,llm_experiments_data/arrays/ag_news_3_convex_comb_greedy_50_temp_baseline_2025-04-20.npz,0.9757397943228263,0.024260205677173685
ag_news,3,convex_comb,greedy_unique_5_temp_baseline,5,5,0.2039375156164169,1.4571428571428573,,,llm_experiments_data/arrays/ag_news_3_convex_comb_greedy_unique_5_temp_baseline_2025-04-20.npz,0.9773189974254752,0.022681002574524767
ag_news,3,convex_comb,greedy_unique_5_post_calib,5,5,0.197602316737175,1.6423157017909205,0.0,1.0,llm_experiments_data/arrays/ag_news_3_convex_comb_greedy_unique_5_post_calib_2025-04-20.npz,0.9778269112079294,0.022173088792070583
ag_news,3,convex_comb,greedy_50_post_calib,50,30,0.1884352564811706,1.3848729695960018,0.0,1.0,llm_experiments_data/arrays/ag_news_3_convex_comb_greedy_50_post_calib_2025-04-20.npz,0.9773535903469825,0.022646409653017452
ag_news,3,convex_comb,greedy_50_calib_once,22,21,0.185087963938713,1.8202915451895043,0.0,1.0,llm_experiments_data/arrays/ag_news_3_convex_comb_greedy_50_calib_once_2025-04-20.npz,0.9795749256654112,0.020425074334588844
ag_news,3,convex_comb,greedy_50_calib_every_step,18,18,0.1854703724384308,1.7804581424406498,0.0,1.0,llm_experiments_data/arrays/ag_news_3_convex_comb_greedy_50_calib_every_step_2025-04-20.npz,0.9795750126429812,0.02042498735701881
ag_news,3,pure_logits,greedy_unique_5_baseline,5,5,0.2329772561788559,,,,llm_experiments_data/arrays/ag_news_3_pure_logits_greedy_unique_5_baseline_2025-04-20.npz,0.9772571380336796,0.02274286196632036
ag_news,3,pure_logits,greedy_50_baseline,50,30,0.1924930810928344,,,,llm_experiments_data/arrays/ag_news_3_pure_logits_greedy_50_baseline_2025-04-20.npz,0.9757404757966212,0.024259524203378846
ag_news,3,pure_logits,greedy_50_temp_baseline,50,30,0.1922597289085388,1.0163265306122449,,,llm_experiments_data/arrays/ag_news_3_pure_logits_greedy_50_temp_baseline_2025-04-20.npz,0.9757397943228263,0.024260205677173685
ag_news,3,pure_logits,greedy_unique_5_temp_baseline,5,5,0.2039375156164169,1.4571428571428573,,,llm_experiments_data/arrays/ag_news_3_pure_logits_greedy_unique_5_temp_baseline_2025-04-20.npz,0.9773189974254752,0.022681002574524767
ag_news,3,pure_logits,greedy_unique_5_post_calib,5,5,0.1939620524644851,1.809645980841316,0.6047480216576426,1.0,llm_experiments_data/arrays/ag_news_3_pure_logits_greedy_unique_5_post_calib_2025-04-20.npz,0.9784546182860969,0.021545381713903078
ag_news,3,pure_logits,greedy_50_post_calib,50,30,0.1854144632816314,1.650512286547272,0.7263640149937527,1.0,llm_experiments_data/arrays/ag_news_3_pure_logits_greedy_50_post_calib_2025-04-20.npz,0.9788971108915727,0.02110288910842728
ag_news,3,pure_logits,greedy_50_calib_once,24,21,0.1852795779705047,1.615826738858809,1.3994169096209912,1.0,llm_experiments_data/arrays/ag_news_3_pure_logits_greedy_50_calib_once_2025-04-20.npz,0.9792345632357201,0.020765436764279888
ag_news,3,pure_logits,greedy_50_calib_every_step,24,21,0.1855841428041458,1.5865389421074554,1.4110787172011665,1.0,llm_experiments_data/arrays/ag_news_3_pure_logits_greedy_50_calib_every_step_2025-04-20.npz,0.9791656650830325,0.020834334916967512
ag_news,4,convex_comb,greedy_unique_5_baseline,5,5,0.2260968685150146,,,,llm_experiments_data/arrays/ag_news_4_convex_comb_greedy_unique_5_baseline_2025-04-20.npz,0.9766453105297337,0.02335468947026631
ag_news,4,convex_comb,greedy_50_baseline,50,29,0.1935367435216903,,,,llm_experiments_data/arrays/ag_news_4_convex_comb_greedy_50_baseline_2025-04-20.npz,0.974898271470521,0.025101728529479006
ag_news,4,convex_comb,greedy_50_temp_baseline,50,29,0.1933269649744033,1.0163265306122449,,,llm_experiments_data/arrays/ag_news_4_convex_comb_greedy_50_temp_baseline_2025-04-20.npz,0.9748926214231721,0.025107378576827877
ag_news,4,convex_comb,greedy_unique_5_temp_baseline,5,5,0.2006286084651947,1.5122448979591838,,,llm_experiments_data/arrays/ag_news_4_convex_comb_greedy_unique_5_temp_baseline_2025-04-20.npz,0.9766591569194728,0.023340843080527196
ag_news,4,convex_comb,greedy_unique_5_post_calib,5,5,0.1954695135354995,1.657009579341941,0.0,1.0,llm_experiments_data/arrays/ag_news_4_convex_comb_greedy_unique_5_post_calib_2025-04-20.npz,0.9772958883637785,0.022704111636221547
ag_news,4,convex_comb,greedy_50_post_calib,50,29,0.1903561353683471,1.3963182007496877,0.0,1.0,llm_experiments_data/arrays/ag_news_4_convex_comb_greedy_50_post_calib_2025-04-20.npz,0.9763662961902531,0.023633703809746942
ag_news,4,convex_comb,greedy_50_calib_once,24,23,0.1876710951328277,1.8202915451895043,0.0,1.0,llm_experiments_data/arrays/ag_news_4_convex_comb_greedy_50_calib_once_2025-04-20.npz,0.9783524318591993,0.02164756814080071
ag_news,4,convex_comb,greedy_50_calib_every_step,23,22,0.1876167058944702,1.809645980841316,0.0,1.0,llm_experiments_data/arrays/ag_news_4_convex_comb_greedy_50_calib_every_step_2025-04-20.npz,0.9783341972534165,0.021665802746583473
ag_news,4,pure_logits,greedy_unique_5_baseline,5,5,0.2260968685150146,,,,llm_experiments_data/arrays/ag_news_4_pure_logits_greedy_unique_5_baseline_2025-04-20.npz,0.9766453105297337,0.02335468947026631
ag_news,4,pure_logits,greedy_50_baseline,50,29,0.1935367435216903,,,,llm_experiments_data/arrays/ag_news_4_pure_logits_greedy_50_baseline_2025-04-20.npz,0.974898271470521,0.025101728529479006
ag_news,4,pure_logits,greedy_50_temp_baseline,50,29,0.1933269649744033,1.0163265306122449,,,llm_experiments_data/arrays/ag_news_4_pure_logits_greedy_50_temp_baseline_2025-04-20.npz,0.9748926214231721,0.025107378576827877
ag_news,4,pure_logits,greedy_unique_5_temp_baseline,5,5,0.2006286084651947,1.5122448979591838,,,llm_experiments_data/arrays/ag_news_4_pure_logits_greedy_unique_5_temp_baseline_2025-04-20.npz,0.9766591569194728,0.023340843080527196
ag_news,4,pure_logits,greedy_unique_5_post_calib,5,5,0.1932368874549865,1.8388338192419824,0.5547688463140358,1.0,llm_experiments_data/arrays/ag_news_4_pure_logits_greedy_unique_5_post_calib_2025-04-20.npz,0.9778117217117055,0.022188278288294505
ag_news,4,pure_logits,greedy_50_post_calib,50,29,0.1878871023654937,1.6783007080383174,0.7097042898792171,1.0,llm_experiments_data/arrays/ag_news_4_pure_logits_greedy_50_post_calib_2025-04-20.npz,0.977894300856711,0.02210569914328897
ag_news,4,pure_logits,greedy_50_calib_once,23,21,0.1887911409139633,1.697292794668888,1.3294460641399417,1.0,llm_experiments_data/arrays/ag_news_4_pure_logits_greedy_50_calib_once_2025-04-20.npz,0.9783836546769765,0.021616345323023478
ag_news,4,pure_logits,greedy_50_calib_every_step,27,23,0.1876460164785385,1.5760932944606414,1.5160349854227406,1.0,llm_experiments_data/arrays/ag_news_4_pure_logits_greedy_50_calib_every_step_2025-04-20.npz,0.977950590213351,0.022049409786649043
dbpedia_14,0,convex_comb,greedy_unique_5_baseline,5,5,0.0447035320103168,,,,llm_experiments_data/arrays/dbpedia_14_0_convex_comb_greedy_unique_5_baseline_2025-04-20.npz,0.9895001554840105,0.01049984451598951
dbpedia_14,0,convex_comb,greedy_50_baseline,50,26,0.0363869592547416,,,,llm_experiments_data/arrays/dbpedia_14_0_convex_comb_greedy_50_baseline_2025-04-20.npz,0.9893528840917244,0.010647115908275606
dbpedia_14,0,convex_comb,greedy_50_temp_baseline,50,26,0.0351792648434639,1.1816326530612244,,,llm_experiments_data/arrays/dbpedia_14_0_convex_comb_greedy_50_temp_baseline_2025-04-20.npz,0.9893620043170844,0.010637995682915569
dbpedia_14,0,convex_comb,greedy_unique_5_temp_baseline,5,5,0.0351328887045383,1.6775510204081634,,,llm_experiments_data/arrays/dbpedia_14_0_convex_comb_greedy_unique_5_temp_baseline_2025-04-20.npz,0.9894877830649471,0.010512216935052887
dbpedia_14,0,convex_comb,greedy_unique_5_post_calib,5,5,0.033949289470911,1.795052061640983,0.0,1.0,llm_experiments_data/arrays/dbpedia_14_0_convex_comb_greedy_unique_5_post_calib_2025-04-20.npz,0.9894880972197068,0.010511902780293236
dbpedia_14,0,convex_comb,greedy_50_post_calib,50,26,0.0322992168366909,1.602582257392753,0.0,1.0,llm_experiments_data/arrays/dbpedia_14_0_convex_comb_greedy_50_post_calib_2025-04-20.npz,0.9894847733602921,0.010515226639707942
dbpedia_14,0,convex_comb,greedy_50_calib_once,25,19,0.0318018123507499,1.809645980841316,0.0,1.0,llm_experiments_data/arrays/dbpedia_14_0_convex_comb_greedy_50_calib_once_2025-04-20.npz,0.9896045741003109,0.010395425899689115
dbpedia_14,0,convex_comb,greedy_50_calib_every_step,25,18,0.0318418368697166,1.8202915451895043,0.0,1.0,llm_experiments_data/arrays/dbpedia_14_0_convex_comb_greedy_50_calib_every_step_2025-04-20.npz,0.9895952036266642,0.0104047963733358
dbpedia_14,0,pure_logits,greedy_unique_5_baseline,5,5,0.0447035320103168,,,,llm_experiments_data/arrays/dbpedia_14_0_pure_logits_greedy_unique_5_baseline_2025-04-20.npz,0.9895001554840105,0.01049984451598951
dbpedia_14,0,pure_logits,greedy_50_baseline,50,26,0.0363869592547416,,,,llm_experiments_data/arrays/dbpedia_14_0_pure_logits_greedy_50_baseline_2025-04-20.npz,0.9893528840917244,0.010647115908275606
dbpedia_14,0,pure_logits,greedy_50_temp_baseline,50,26,0.0351792648434639,1.1816326530612244,,,llm_experiments_data/arrays/dbpedia_14_0_pure_logits_greedy_50_temp_baseline_2025-04-20.npz,0.9893620043170844,0.010637995682915569
dbpedia_14,0,pure_logits,greedy_unique_5_temp_baseline,5,5,0.0351328887045383,1.6775510204081634,,,llm_experiments_data/arrays/dbpedia_14_0_pure_logits_greedy_unique_5_temp_baseline_2025-04-20.npz,0.9894877830649471,0.010512216935052887
dbpedia_14,0,pure_logits,greedy_unique_5_post_calib,5,5,0.033707208931446,1.9211995002082467,0.7530195751770096,1.0,llm_experiments_data/arrays/dbpedia_14_0_pure_logits_greedy_unique_5_post_calib_2025-04-20.npz,0.9894760770167232,0.010523922983276757
dbpedia_14,0,pure_logits,greedy_50_post_calib,50,26,0.0314412824809551,1.7963015410245733,0.7396917950853812,1.0,llm_experiments_data/arrays/dbpedia_14_0_pure_logits_greedy_50_post_calib_2025-04-20.npz,0.9895895968924002,0.010410403107599775
dbpedia_14,0,pure_logits,greedy_50_calib_once,24,19,0.0318416953086853,1.809645980841316,0.9829237817576012,1.0,llm_experiments_data/arrays/dbpedia_14_0_pure_logits_greedy_50_calib_once_2025-04-20.npz,0.9896040835280775,0.010395916471922506
dbpedia_14,0,pure_logits,greedy_50_calib_every_step,25,18,0.0318421088159084,1.8242399000416492,0.9995835068721366,1.0,llm_experiments_data/arrays/dbpedia_14_0_pure_logits_greedy_50_calib_every_step_2025-04-20.npz,0.9895951529956807,0.010404847004319318
dbpedia_14,1,convex_comb,greedy_unique_5_baseline,5,5,0.0417416915297508,,,,llm_experiments_data/arrays/dbpedia_14_1_convex_comb_greedy_unique_5_baseline_2025-04-20.npz,0.9896385981858954,0.01036140181410461
dbpedia_14,1,convex_comb,greedy_50_baseline,50,27,0.0344101153314113,,,,llm_experiments_data/arrays/dbpedia_14_1_convex_comb_greedy_50_baseline_2025-04-20.npz,0.9893707606905312,0.010629239309468796
dbpedia_14,1,convex_comb,greedy_50_temp_baseline,50,27,0.0342478342354297,0.9612244897959183,,,llm_experiments_data/arrays/dbpedia_14_1_convex_comb_greedy_50_temp_baseline_2025-04-20.npz,0.989371254954112,0.010628745045887955
dbpedia_14,1,convex_comb,greedy_unique_5_temp_baseline,5,5,0.033145148307085,1.6775510204081634,,,llm_experiments_data/arrays/dbpedia_14_1_convex_comb_greedy_unique_5_temp_baseline_2025-04-20.npz,0.989636219591143,0.010363780408856993
dbpedia_14,1,convex_comb,greedy_unique_5_post_calib,5,5,0.0320070683956146,1.809645980841316,0.0,1.0,llm_experiments_data/arrays/dbpedia_14_1_convex_comb_greedy_unique_5_post_calib_2025-04-20.npz,0.9896399442666605,0.010360055733339535
dbpedia_14,1,convex_comb,greedy_50_post_calib,50,27,0.0331193841993808,1.4630903790087464,0.0,1.0,llm_experiments_data/arrays/dbpedia_14_1_convex_comb_greedy_50_post_calib_2025-04-20.npz,0.9894539161057267,0.01054608389427325
dbpedia_14,1,convex_comb,greedy_50_calib_once,24,19,0.0301997065544128,1.809645980841316,0.0,1.0,llm_experiments_data/arrays/dbpedia_14_1_convex_comb_greedy_50_calib_once_2025-04-20.npz,0.9896975346938778,0.010302465306122222
dbpedia_14,1,convex_comb,greedy_50_calib_every_step,25,18,0.030206961557269,1.8353352769679303,0.0,1.0,llm_experiments_data/arrays/dbpedia_14_1_convex_comb_greedy_50_calib_every_step_2025-04-20.npz,0.9896903826521138,0.010309617347886157
dbpedia_14,1,pure_logits,greedy_unique_5_baseline,5,5,0.0417416915297508,,,,llm_experiments_data/arrays/dbpedia_14_1_pure_logits_greedy_unique_5_baseline_2025-04-20.npz,0.9896385981858954,0.01036140181410461
dbpedia_14,1,pure_logits,greedy_50_baseline,50,27,0.0344101153314113,,,,llm_experiments_data/arrays/dbpedia_14_1_pure_logits_greedy_50_baseline_2025-04-20.npz,0.9893707606905312,0.010629239309468796
dbpedia_14,1,pure_logits,greedy_50_temp_baseline,50,27,0.0342478342354297,0.9612244897959183,,,llm_experiments_data/arrays/dbpedia_14_1_pure_logits_greedy_50_temp_baseline_2025-04-20.npz,0.989371254954112,0.010628745045887955
dbpedia_14,1,pure_logits,greedy_unique_5_temp_baseline,5,5,0.033145148307085,1.6775510204081634,,,llm_experiments_data/arrays/dbpedia_14_1_pure_logits_greedy_unique_5_temp_baseline_2025-04-20.npz,0.989636219591143,0.010363780408856993
dbpedia_14,1,pure_logits,greedy_unique_5_post_calib,5,5,0.0317040793597698,1.9211995002082467,0.7796751353602666,1.0,llm_experiments_data/arrays/dbpedia_14_1_pure_logits_greedy_unique_5_post_calib_2025-04-20.npz,0.9896116036136734,0.010388396386326604
dbpedia_14,1,pure_logits,greedy_50_post_calib,50,27,0.0299132671207189,1.7902040816326532,0.6547271970012495,1.0,llm_experiments_data/arrays/dbpedia_14_1_pure_logits_greedy_50_post_calib_2025-04-20.npz,0.9896432631653291,0.010356736834670865
dbpedia_14,1,pure_logits,greedy_50_calib_once,18,16,0.030262067914009,1.809645980841316,0.9912536443148688,1.0,llm_experiments_data/arrays/dbpedia_14_1_pure_logits_greedy_50_calib_once_2025-04-20.npz,0.9897048111408178,0.010295188859182236
dbpedia_14,1,pure_logits,greedy_50_calib_every_step,27,18,0.0301879532635211,1.805247813411079,1.066222407330279,1.0,llm_experiments_data/arrays/dbpedia_14_1_pure_logits_greedy_50_calib_every_step_2025-04-20.npz,0.9896968977008042,0.010303102299195843
dbpedia_14,2,convex_comb,greedy_unique_5_baseline,5,5,0.042877335101366,,,,llm_experiments_data/arrays/dbpedia_14_2_convex_comb_greedy_unique_5_baseline_2025-04-20.npz,0.98948183405413,0.010518165945869962
dbpedia_14,2,convex_comb,greedy_50_baseline,50,26,0.0354210995137691,,,,llm_experiments_data/arrays/dbpedia_14_2_convex_comb_greedy_50_baseline_2025-04-20.npz,0.9893356677003753,0.010664332299624713
dbpedia_14,2,convex_comb,greedy_50_temp_baseline,50,26,0.0343342386186122,1.1816326530612244,,,llm_experiments_data/arrays/dbpedia_14_2_convex_comb_greedy_50_temp_baseline_2025-04-20.npz,0.9893446997389347,0.010655300261065315
dbpedia_14,2,convex_comb,greedy_unique_5_temp_baseline,5,5,0.0338407233357429,1.6775510204081634,,,llm_experiments_data/arrays/dbpedia_14_2_convex_comb_greedy_unique_5_temp_baseline_2025-04-20.npz,0.9894824388976615,0.01051756110233848
dbpedia_14,2,convex_comb,greedy_unique_5_post_calib,5,5,0.0327472649514675,1.809645980841316,0.0,1.0,llm_experiments_data/arrays/dbpedia_14_2_convex_comb_greedy_unique_5_post_calib_2025-04-20.npz,0.9894780424734742,0.01052195752652585
dbpedia_14,2,convex_comb,greedy_50_post_calib,50,26,0.031543742865324,1.615826738858809,0.0,1.0,llm_experiments_data/arrays/dbpedia_14_2_convex_comb_greedy_50_post_calib_2025-04-20.npz,0.9894556254846172,0.010544374515382815
dbpedia_14,2,convex_comb,greedy_50_calib_once,24,18,0.0309948548674583,1.809645980841316,0.0,1.0,llm_experiments_data/arrays/dbpedia_14_2_convex_comb_greedy_50_calib_once_2025-04-20.npz,0.9895745666463883,0.01042543335361168
dbpedia_14,2,convex_comb,greedy_50_calib_every_step,26,18,0.0309638362377882,1.8353352769679303,0.0,1.0,llm_experiments_data/arrays/dbpedia_14_2_convex_comb_greedy_50_calib_every_step_2025-04-20.npz,0.989561683434631,0.010438316565368977
dbpedia_14,2,pure_logits,greedy_unique_5_baseline,5,5,0.042877335101366,,,,llm_experiments_data/arrays/dbpedia_14_2_pure_logits_greedy_unique_5_baseline_2025-04-20.npz,0.98948183405413,0.010518165945869962
dbpedia_14,2,pure_logits,greedy_50_baseline,50,26,0.0354210995137691,,,,llm_experiments_data/arrays/dbpedia_14_2_pure_logits_greedy_50_baseline_2025-04-20.npz,0.9893356677003753,0.010664332299624713
dbpedia_14,2,pure_logits,greedy_50_temp_baseline,50,26,0.0343342386186122,1.1816326530612244,,,llm_experiments_data/arrays/dbpedia_14_2_pure_logits_greedy_50_temp_baseline_2025-04-20.npz,0.9893446997389347,0.010655300261065315
dbpedia_14,2,pure_logits,greedy_unique_5_temp_baseline,5,5,0.0338407233357429,1.6775510204081634,,,llm_experiments_data/arrays/dbpedia_14_2_pure_logits_greedy_unique_5_temp_baseline_2025-04-20.npz,0.9894824388976615,0.01051756110233848
dbpedia_14,2,pure_logits,greedy_unique_5_post_calib,5,5,0.032600749284029,1.9366930445647648,0.7330279050395669,1.0,llm_experiments_data/arrays/dbpedia_14_2_pure_logits_greedy_unique_5_post_calib_2025-04-20.npz,0.989425513987935,0.01057448601206501
dbpedia_14,2,pure_logits,greedy_50_post_calib,50,26,0.0307621862739324,1.7963015410245733,0.7530195751770096,1.0,llm_experiments_data/arrays/dbpedia_14_2_pure_logits_greedy_50_post_calib_2025-04-20.npz,0.9895443579691671,0.010455642030832935
dbpedia_14,2,pure_logits,greedy_50_calib_once,22,18,0.0310026537626981,1.809645980841316,0.9745939192003332,1.0,llm_experiments_data/arrays/dbpedia_14_2_pure_logits_greedy_50_calib_once_2025-04-20.npz,0.9895739226681813,0.010426077331818662
dbpedia_14,2,pure_logits,greedy_50_calib_every_step,30,19,0.0309465955942869,1.805247813411079,1.0495626822157431,1.0,llm_experiments_data/arrays/dbpedia_14_2_pure_logits_greedy_50_calib_every_step_2025-04-20.npz,0.9895769737613098,0.01042302623869018
dbpedia_14,3,convex_comb,greedy_unique_5_baseline,5,5,0.0434262119233608,,,,llm_experiments_data/arrays/dbpedia_14_3_convex_comb_greedy_unique_5_baseline_2025-04-20.npz,0.9895033478287106,0.010496652171289367
dbpedia_14,3,convex_comb,greedy_50_baseline,50,27,0.0346635095775127,,,,llm_experiments_data/arrays/dbpedia_14_3_convex_comb_greedy_50_baseline_2025-04-20.npz,0.9892508904645313,0.010749109535468704
dbpedia_14,3,convex_comb,greedy_50_temp_baseline,50,27,0.0345339141786098,0.9612244897959183,,,llm_experiments_data/arrays/dbpedia_14_3_convex_comb_greedy_50_temp_baseline_2025-04-20.npz,0.9892477807262278,0.010752219273772234
dbpedia_14,3,convex_comb,greedy_unique_5_temp_baseline,5,5,0.034176617860794,1.6224489795918369,,,llm_experiments_data/arrays/dbpedia_14_3_convex_comb_greedy_unique_5_temp_baseline_2025-04-20.npz,0.9894971809612596,0.010502819038740396
dbpedia_14,3,convex_comb,greedy_unique_5_post_calib,5,5,0.0329240374267101,1.7397251145356103,0.0,1.0,llm_experiments_data/arrays/dbpedia_14_3_convex_comb_greedy_unique_5_post_calib_2025-04-20.npz,0.9894928624853891,0.010507137514610854
dbpedia_14,3,convex_comb,greedy_50_post_calib,50,27,0.0331171602010726,1.4511953352769682,0.0,1.0,llm_experiments_data/arrays/dbpedia_14_3_convex_comb_greedy_50_post_calib_2025-04-20.npz,0.9893495256481527,0.010650474351847294
dbpedia_14,3,convex_comb,greedy_50_calib_once,19,16,0.0303316265344619,1.795052061640983,0.0,1.0,llm_experiments_data/arrays/dbpedia_14_3_convex_comb_greedy_50_calib_once_2025-04-20.npz,0.9896065267936387,0.010393473206361303
dbpedia_14,3,convex_comb,greedy_50_calib_every_step,24,18,0.0303287953138351,1.8202915451895043,0.0,1.0,llm_experiments_data/arrays/dbpedia_14_3_convex_comb_greedy_50_calib_every_step_2025-04-20.npz,0.9896003240268694,0.010399675973130629
dbpedia_14,3,pure_logits,greedy_unique_5_baseline,5,5,0.0434262119233608,,,,llm_experiments_data/arrays/dbpedia_14_3_pure_logits_greedy_unique_5_baseline_2025-04-20.npz,0.9895033478287106,0.010496652171289367
dbpedia_14,3,pure_logits,greedy_50_baseline,50,27,0.0346635095775127,,,,llm_experiments_data/arrays/dbpedia_14_3_pure_logits_greedy_50_baseline_2025-04-20.npz,0.9892508904645313,0.010749109535468704
dbpedia_14,3,pure_logits,greedy_50_temp_baseline,50,27,0.0345339141786098,0.9612244897959183,,,llm_experiments_data/arrays/dbpedia_14_3_pure_logits_greedy_50_temp_baseline_2025-04-20.npz,0.9892477807262278,0.010752219273772234
dbpedia_14,3,pure_logits,greedy_unique_5_temp_baseline,5,5,0.034176617860794,1.6224489795918369,,,llm_experiments_data/arrays/dbpedia_14_3_pure_logits_greedy_unique_5_temp_baseline_2025-04-20.npz,0.9894971809612596,0.010502819038740396
dbpedia_14,3,pure_logits,greedy_unique_5_post_calib,5,5,0.0324661396443843,1.8353352769679303,0.8063306955435235,1.0,llm_experiments_data/arrays/dbpedia_14_3_pure_logits_greedy_unique_5_post_calib_2025-04-20.npz,0.9894740521690584,0.010525947830941629
dbpedia_14,3,pure_logits,greedy_50_post_calib,50,27,0.0297703016549348,1.7751603498542277,0.6597251145356102,1.0,llm_experiments_data/arrays/dbpedia_14_3_pure_logits_greedy_50_post_calib_2025-04-20.npz,0.9895536615127346,0.010446338487265394
dbpedia_14,3,pure_logits,greedy_50_calib_once,21,17,0.0304252691566944,1.7804581424406498,1.0412328196584757,1.0,llm_experiments_data/arrays/dbpedia_14_3_pure_logits_greedy_50_calib_once_2025-04-20.npz,0.9896090770727962,0.010390922927203783
dbpedia_14,3,pure_logits,greedy_50_calib_every_step,35,22,0.0303691085427999,1.7658642232403166,1.0995418575593503,1.0,llm_experiments_data/arrays/dbpedia_14_3_pure_logits_greedy_50_calib_every_step_2025-04-20.npz,0.9896070046069619,0.010392995393038063
dbpedia_14,4,convex_comb,greedy_unique_5_baseline,5,5,0.0432789698243141,,,,llm_experiments_data/arrays/dbpedia_14_4_convex_comb_greedy_unique_5_baseline_2025-04-20.npz,0.9895034091967567,0.010496590803243278
dbpedia_14,4,convex_comb,greedy_50_baseline,50,23,0.0356240533292293,,,,llm_experiments_data/arrays/dbpedia_14_4_convex_comb_greedy_50_baseline_2025-04-20.npz,0.9892671959930102,0.010732804006989838
dbpedia_14,4,convex_comb,greedy_50_temp_baseline,50,23,0.0355344228446483,0.9612244897959183,,,llm_experiments_data/arrays/dbpedia_14_4_convex_comb_greedy_50_temp_baseline_2025-04-20.npz,0.9892673772194209,0.01073262278057907
dbpedia_14,4,convex_comb,greedy_unique_5_temp_baseline,5,5,0.0339159145951271,1.6775510204081634,,,llm_experiments_data/arrays/dbpedia_14_4_convex_comb_greedy_unique_5_temp_baseline_2025-04-20.npz,0.9894856438582288,0.010514356141771208
dbpedia_14,4,convex_comb,greedy_unique_5_post_calib,5,5,0.0329902246594429,1.809645980841316,0.0,1.0,llm_experiments_data/arrays/dbpedia_14_4_convex_comb_greedy_unique_5_post_calib_2025-04-20.npz,0.9894934578710458,0.010506542128954188
dbpedia_14,4,convex_comb,greedy_50_post_calib,50,23,0.0340482331812381,1.4511953352769682,0.0,1.0,llm_experiments_data/arrays/dbpedia_14_4_convex_comb_greedy_50_post_calib_2025-04-20.npz,0.9893580657180485,0.010641934281951482
dbpedia_14,4,convex_comb,greedy_50_calib_once,17,15,0.0312488917261362,1.795052061640983,0.0,1.0,llm_experiments_data/arrays/dbpedia_14_4_convex_comb_greedy_50_calib_once_2025-04-20.npz,0.9895953254862005,0.01040467451379945
dbpedia_14,4,convex_comb,greedy_50_calib_every_step,17,15,0.0312488917261362,1.795052061640983,0.0,1.0,llm_experiments_data/arrays/dbpedia_14_4_convex_comb_greedy_50_calib_every_step_2025-04-20.npz,0.9895953254862005,0.01040467451379945
