dataset,seed,method,ensemble_type,ensemble_size,ensemble_unique_size,nll_test,c1,c2,epi_scalar,path
stanfordnlp/sst2,0,convex_comb,greedy_unique_5_baseline,5,5,0.15873034298419952,,,,llm_experiments_data/arrays/stanfordnlp_sst2_0_convex_comb_greedy_unique_5_baseline_2025-04-24.npz
stanfordnlp/sst2,0,convex_comb,greedy_50_baseline,50,23,0.13645890355110168,,,,llm_experiments_data/arrays/stanfordnlp_sst2_0_convex_comb_greedy_50_baseline_2025-04-24.npz
stanfordnlp/sst2,0,convex_comb,greedy_50_temp_baseline,50,23,0.13632993400096893,1.0163265306122449,,,llm_experiments_data/arrays/stanfordnlp_sst2_0_convex_comb_greedy_50_temp_baseline_2025-04-24.npz
stanfordnlp/sst2,0,convex_comb,greedy_unique_5_temp_baseline,5,5,0.14916063845157623,1.2918367346938775,,,llm_experiments_data/arrays/stanfordnlp_sst2_0_convex_comb_greedy_unique_5_temp_baseline_2025-04-24.npz
stanfordnlp/sst2,0,convex_comb,greedy_unique_5_post_calib,5,5,0.14652006328105927,1.4274052478134114,0.0,1,llm_experiments_data/arrays/stanfordnlp_sst2_0_convex_comb_greedy_unique_5_post_calib_2025-04-24.npz
stanfordnlp/sst2,0,convex_comb,greedy_50_post_calib,50,23,0.13575144112110138,1.1768096626405664,0.0,1,llm_experiments_data/arrays/stanfordnlp_sst2_0_convex_comb_greedy_50_post_calib_2025-04-24.npz
stanfordnlp/sst2,0,convex_comb,greedy_50_calib_once,7,7,0.14238566160202026,2.1823406913785925,0.0,1,llm_experiments_data/arrays/stanfordnlp_sst2_0_convex_comb_greedy_50_calib_once_2025-04-24.npz
stanfordnlp/sst2,0,convex_comb,greedy_50_calib_every_step,10,10,0.13868597149848938,1.8747188671386923,0.0,1,llm_experiments_data/arrays/stanfordnlp_sst2_0_convex_comb_greedy_50_calib_every_step_2025-04-24.npz
stanfordnlp/sst2,0,pure_logits,greedy_unique_5_baseline,5,5,0.15873034298419952,,,,llm_experiments_data/arrays/stanfordnlp_sst2_0_pure_logits_greedy_unique_5_baseline_2025-04-24.npz
stanfordnlp/sst2,0,pure_logits,greedy_50_baseline,50,23,0.13645890355110168,,,,llm_experiments_data/arrays/stanfordnlp_sst2_0_pure_logits_greedy_50_baseline_2025-04-24.npz
stanfordnlp/sst2,0,pure_logits,greedy_50_temp_baseline,50,23,0.13632993400096893,1.0163265306122449,,,llm_experiments_data/arrays/stanfordnlp_sst2_0_pure_logits_greedy_50_temp_baseline_2025-04-24.npz
stanfordnlp/sst2,0,pure_logits,greedy_unique_5_temp_baseline,5,5,0.14916063845157623,1.2918367346938775,,,llm_experiments_data/arrays/stanfordnlp_sst2_0_pure_logits_greedy_unique_5_temp_baseline_2025-04-24.npz
stanfordnlp/sst2,0,pure_logits,greedy_unique_5_post_calib,5,5,0.14245164394378662,1.7397251145356103,0.42982090795501876,1,llm_experiments_data/arrays/stanfordnlp_sst2_0_pure_logits_greedy_unique_5_post_calib_2025-04-24.npz
stanfordnlp/sst2,0,pure_logits,greedy_50_post_calib,50,23,0.13552619516849518,1.4764348188254894,0.7530195751770096,1,llm_experiments_data/arrays/stanfordnlp_sst2_0_pure_logits_greedy_50_post_calib_2025-04-24.npz
stanfordnlp/sst2,0,pure_logits,greedy_50_calib_once,6,6,0.13659296929836273,1.9450895460224906,4.09829237817576,1,llm_experiments_data/arrays/stanfordnlp_sst2_0_pure_logits_greedy_50_calib_once_2025-04-24.npz
stanfordnlp/sst2,0,pure_logits,greedy_50_calib_every_step,8,8,0.13705673813819885,1.8747188671386923,3.251978342357351,1,llm_experiments_data/arrays/stanfordnlp_sst2_0_pure_logits_greedy_50_calib_every_step_2025-04-24.npz
stanfordnlp/sst2,1,convex_comb,greedy_unique_5_baseline,5,5,0.15586312115192413,,,,llm_experiments_data/arrays/stanfordnlp_sst2_1_convex_comb_greedy_unique_5_baseline_2025-04-24.npz
stanfordnlp/sst2,1,convex_comb,greedy_50_baseline,50,19,0.1328914612531662,,,,llm_experiments_data/arrays/stanfordnlp_sst2_1_convex_comb_greedy_50_baseline_2025-04-24.npz
stanfordnlp/sst2,1,convex_comb,greedy_50_temp_baseline,50,19,0.13280229270458221,1.0163265306122449,,,llm_experiments_data/arrays/stanfordnlp_sst2_1_convex_comb_greedy_50_temp_baseline_2025-04-24.npz
stanfordnlp/sst2,1,convex_comb,greedy_unique_5_temp_baseline,5,5,0.14688745141029358,1.2918367346938775,,,llm_experiments_data/arrays/stanfordnlp_sst2_1_convex_comb_greedy_unique_5_temp_baseline_2025-04-24.npz
stanfordnlp/sst2,1,convex_comb,greedy_unique_5_post_calib,5,5,0.14419633150100708,1.4511953352769682,0.0,1,llm_experiments_data/arrays/stanfordnlp_sst2_1_convex_comb_greedy_unique_5_post_calib_2025-04-24.npz
stanfordnlp/sst2,1,convex_comb,greedy_50_post_calib,50,19,0.13230463862419128,1.1864556434818825,0.0,1,llm_experiments_data/arrays/stanfordnlp_sst2_1_convex_comb_greedy_50_post_calib_2025-04-24.npz
stanfordnlp/sst2,1,convex_comb,greedy_50_calib_once,8,8,0.13743293285369873,2.1645980841316117,0.0,1,llm_experiments_data/arrays/stanfordnlp_sst2_1_convex_comb_greedy_50_calib_once_2025-04-24.npz
stanfordnlp/sst2,1,convex_comb,greedy_50_calib_every_step,11,10,0.13533249497413635,1.8503790087463559,0.0,1,llm_experiments_data/arrays/stanfordnlp_sst2_1_convex_comb_greedy_50_calib_every_step_2025-04-24.npz
stanfordnlp/sst2,1,pure_logits,greedy_unique_5_baseline,5,5,0.15586312115192413,,,,llm_experiments_data/arrays/stanfordnlp_sst2_1_pure_logits_greedy_unique_5_baseline_2025-04-24.npz
stanfordnlp/sst2,1,pure_logits,greedy_50_baseline,50,19,0.1328914612531662,,,,llm_experiments_data/arrays/stanfordnlp_sst2_1_pure_logits_greedy_50_baseline_2025-04-24.npz
stanfordnlp/sst2,1,pure_logits,greedy_50_temp_baseline,50,19,0.13280229270458221,1.0163265306122449,,,llm_experiments_data/arrays/stanfordnlp_sst2_1_pure_logits_greedy_50_temp_baseline_2025-04-24.npz
stanfordnlp/sst2,1,pure_logits,greedy_unique_5_temp_baseline,5,5,0.14688745141029358,1.2918367346938775,,,llm_experiments_data/arrays/stanfordnlp_sst2_1_pure_logits_greedy_unique_5_temp_baseline_2025-04-24.npz
stanfordnlp/sst2,1,pure_logits,greedy_unique_5_post_calib,5,5,0.14091545343399048,1.73667638483965,0.4698042482299042,1,llm_experiments_data/arrays/stanfordnlp_sst2_1_pure_logits_greedy_unique_5_post_calib_2025-04-24.npz
stanfordnlp/sst2,1,pure_logits,greedy_50_post_calib,50,19,0.13208410143852234,1.4764348188254894,0.7663473552686381,1,llm_experiments_data/arrays/stanfordnlp_sst2_1_pure_logits_greedy_50_post_calib_2025-04-24.npz
stanfordnlp/sst2,1,pure_logits,greedy_50_calib_once,6,6,0.13522085547447205,1.9450895460224906,4.131611828404831,1,llm_experiments_data/arrays/stanfordnlp_sst2_1_pure_logits_greedy_50_calib_once_2025-04-24.npz
stanfordnlp/sst2,1,pure_logits,greedy_50_calib_every_step,7,7,0.1364566832780838,1.9450895460224906,3.426905456059975,1,llm_experiments_data/arrays/stanfordnlp_sst2_1_pure_logits_greedy_50_calib_every_step_2025-04-24.npz
stanfordnlp/sst2,2,convex_comb,greedy_unique_5_baseline,5,5,0.1527063548564911,,,,llm_experiments_data/arrays/stanfordnlp_sst2_2_convex_comb_greedy_unique_5_baseline_2025-04-24.npz
stanfordnlp/sst2,2,convex_comb,greedy_50_baseline,50,24,0.13252823054790497,,,,llm_experiments_data/arrays/stanfordnlp_sst2_2_convex_comb_greedy_50_baseline_2025-04-24.npz
stanfordnlp/sst2,2,convex_comb,greedy_50_temp_baseline,50,24,0.13245338201522827,1.0163265306122449,,,llm_experiments_data/arrays/stanfordnlp_sst2_2_convex_comb_greedy_50_temp_baseline_2025-04-24.npz
stanfordnlp/sst2,2,convex_comb,greedy_unique_5_temp_baseline,5,5,0.14770299196243286,1.236734693877551,,,llm_experiments_data/arrays/stanfordnlp_sst2_2_convex_comb_greedy_unique_5_temp_baseline_2025-04-24.npz
stanfordnlp/sst2,2,convex_comb,greedy_unique_5_post_calib,5,5,0.14442935585975647,1.373427738442316,0.0,1,llm_experiments_data/arrays/stanfordnlp_sst2_2_convex_comb_greedy_unique_5_post_calib_2025-04-24.npz
stanfordnlp/sst2,2,convex_comb,greedy_50_post_calib,50,24,0.13169635832309723,1.2316867971678467,0.0,1,llm_experiments_data/arrays/stanfordnlp_sst2_2_convex_comb_greedy_50_post_calib_2025-04-24.npz
stanfordnlp/sst2,2,convex_comb,greedy_50_calib_once,7,7,0.13721682131290436,2.219475218658892,0.0,1,llm_experiments_data/arrays/stanfordnlp_sst2_2_convex_comb_greedy_50_calib_once_2025-04-24.npz
stanfordnlp/sst2,2,convex_comb,greedy_50_calib_every_step,13,11,0.134418785572052,1.7804581424406498,0.0,1,llm_experiments_data/arrays/stanfordnlp_sst2_2_convex_comb_greedy_50_calib_every_step_2025-04-24.npz
stanfordnlp/sst2,2,pure_logits,greedy_unique_5_baseline,5,5,0.1527063548564911,,,,llm_experiments_data/arrays/stanfordnlp_sst2_2_pure_logits_greedy_unique_5_baseline_2025-04-24.npz
stanfordnlp/sst2,2,pure_logits,greedy_50_baseline,50,24,0.13252823054790497,,,,llm_experiments_data/arrays/stanfordnlp_sst2_2_pure_logits_greedy_50_baseline_2025-04-24.npz
stanfordnlp/sst2,2,pure_logits,greedy_50_temp_baseline,50,24,0.13245338201522827,1.0163265306122449,,,llm_experiments_data/arrays/stanfordnlp_sst2_2_pure_logits_greedy_50_temp_baseline_2025-04-24.npz
stanfordnlp/sst2,2,pure_logits,greedy_unique_5_temp_baseline,5,5,0.14770299196243286,1.236734693877551,,,llm_experiments_data/arrays/stanfordnlp_sst2_2_pure_logits_greedy_unique_5_temp_baseline_2025-04-24.npz
stanfordnlp/sst2,2,pure_logits,greedy_unique_5_post_calib,5,5,0.13812541961669922,1.7255810079133695,0.24489795918367346,1,llm_experiments_data/arrays/stanfordnlp_sst2_2_pure_logits_greedy_unique_5_post_calib_2025-04-24.npz
stanfordnlp/sst2,2,pure_logits,greedy_50_post_calib,50,24,0.131059467792511,1.4868804664723034,0.793002915451895,1,llm_experiments_data/arrays/stanfordnlp_sst2_2_pure_logits_greedy_50_post_calib_2025-04-24.npz
stanfordnlp/sst2,2,pure_logits,greedy_50_calib_once,6,6,0.13207709789276123,1.9450895460224906,4.338192419825073,1,llm_experiments_data/arrays/stanfordnlp_sst2_2_pure_logits_greedy_50_calib_once_2025-04-24.npz
stanfordnlp/sst2,2,pure_logits,greedy_50_calib_every_step,7,7,0.13364891707897186,1.8747188671386923,3.7184506455643485,1,llm_experiments_data/arrays/stanfordnlp_sst2_2_pure_logits_greedy_50_calib_every_step_2025-04-24.npz
stanfordnlp/sst2,3,convex_comb,greedy_unique_5_baseline,5,5,0.15407180786132812,,,,llm_experiments_data/arrays/stanfordnlp_sst2_3_convex_comb_greedy_unique_5_baseline_2025-04-24.npz
stanfordnlp/sst2,3,convex_comb,greedy_50_baseline,50,22,0.13278572261333466,,,,llm_experiments_data/arrays/stanfordnlp_sst2_3_convex_comb_greedy_50_baseline_2025-04-24.npz
stanfordnlp/sst2,3,convex_comb,greedy_50_temp_baseline,50,22,0.13262790441513062,1.0163265306122449,,,llm_experiments_data/arrays/stanfordnlp_sst2_3_convex_comb_greedy_50_temp_baseline_2025-04-24.npz
stanfordnlp/sst2,3,convex_comb,greedy_unique_5_temp_baseline,5,5,0.14869624376296997,1.1816326530612244,,,llm_experiments_data/arrays/stanfordnlp_sst2_3_convex_comb_greedy_unique_5_temp_baseline_2025-04-24.npz
stanfordnlp/sst2,3,convex_comb,greedy_unique_5_post_calib,5,5,0.14529858529567719,1.3634319033735944,0.0,1,llm_experiments_data/arrays/stanfordnlp_sst2_3_convex_comb_greedy_unique_5_post_calib_2025-04-24.npz
stanfordnlp/sst2,3,convex_comb,greedy_50_post_calib,50,22,0.13175438344478607,1.2114952103290295,0.0,1,llm_experiments_data/arrays/stanfordnlp_sst2_3_convex_comb_greedy_50_post_calib_2025-04-24.npz
stanfordnlp/sst2,3,convex_comb,greedy_50_calib_once,7,7,0.13779482245445251,2.1270137442732198,0.0,1,llm_experiments_data/arrays/stanfordnlp_sst2_3_convex_comb_greedy_50_calib_once_2025-04-24.npz
stanfordnlp/sst2,3,convex_comb,greedy_50_calib_every_step,10,10,0.13555608689785004,1.8747188671386923,0.0,1,llm_experiments_data/arrays/stanfordnlp_sst2_3_convex_comb_greedy_50_calib_every_step_2025-04-24.npz
stanfordnlp/sst2,3,pure_logits,greedy_unique_5_baseline,5,5,0.15407180786132812,,,,llm_experiments_data/arrays/stanfordnlp_sst2_3_pure_logits_greedy_unique_5_baseline_2025-04-24.npz
stanfordnlp/sst2,3,pure_logits,greedy_50_baseline,50,22,0.13278572261333466,,,,llm_experiments_data/arrays/stanfordnlp_sst2_3_pure_logits_greedy_50_baseline_2025-04-24.npz
stanfordnlp/sst2,3,pure_logits,greedy_50_temp_baseline,50,22,0.13262790441513062,1.0163265306122449,,,llm_experiments_data/arrays/stanfordnlp_sst2_3_pure_logits_greedy_50_temp_baseline_2025-04-24.npz
stanfordnlp/sst2,3,pure_logits,greedy_unique_5_temp_baseline,5,5,0.14869624376296997,1.1816326530612244,,,llm_experiments_data/arrays/stanfordnlp_sst2_3_pure_logits_greedy_unique_5_temp_baseline_2025-04-24.npz
stanfordnlp/sst2,3,pure_logits,greedy_unique_5_post_calib,5,5,0.140080526471138,1.6843981674302375,0.24489795918367346,1,llm_experiments_data/arrays/stanfordnlp_sst2_3_pure_logits_greedy_unique_5_post_calib_2025-04-24.npz
stanfordnlp/sst2,3,pure_logits,greedy_50_post_calib,50,22,0.13137668371200562,1.4868804664723034,0.7863390254060808,1,llm_experiments_data/arrays/stanfordnlp_sst2_3_pure_logits_greedy_50_post_calib_2025-04-24.npz
stanfordnlp/sst2,3,pure_logits,greedy_50_calib_once,6,6,0.1341247707605362,1.9057059558517286,4.398167430237401,1,llm_experiments_data/arrays/stanfordnlp_sst2_3_pure_logits_greedy_50_calib_once_2025-04-24.npz
stanfordnlp/sst2,3,pure_logits,greedy_50_calib_every_step,8,8,0.13599586486816406,1.8353352769679303,3.278633902540608,1,llm_experiments_data/arrays/stanfordnlp_sst2_3_pure_logits_greedy_50_calib_every_step_2025-04-24.npz
stanfordnlp/sst2,4,convex_comb,greedy_unique_5_baseline,5,5,0.14540855586528778,,,,llm_experiments_data/arrays/stanfordnlp_sst2_4_convex_comb_greedy_unique_5_baseline_2025-04-24.npz
stanfordnlp/sst2,4,convex_comb,greedy_50_baseline,50,25,0.12550859153270721,,,,llm_experiments_data/arrays/stanfordnlp_sst2_4_convex_comb_greedy_50_baseline_2025-04-24.npz
stanfordnlp/sst2,4,convex_comb,greedy_50_temp_baseline,50,25,0.12569941580295563,1.0163265306122449,,,llm_experiments_data/arrays/stanfordnlp_sst2_4_convex_comb_greedy_50_temp_baseline_2025-04-24.npz
stanfordnlp/sst2,4,convex_comb,greedy_unique_5_temp_baseline,5,5,0.14352405071258545,1.236734693877551,,,llm_experiments_data/arrays/stanfordnlp_sst2_4_convex_comb_greedy_unique_5_temp_baseline_2025-04-24.npz
stanfordnlp/sst2,4,convex_comb,greedy_unique_5_post_calib,5,5,0.1415538489818573,1.3414410662224074,0.0,1,llm_experiments_data/arrays/stanfordnlp_sst2_4_convex_comb_greedy_unique_5_post_calib_2025-04-24.npz
stanfordnlp/sst2,4,convex_comb,greedy_50_post_calib,50,25,0.12575086951255798,1.1961016243231986,0.0,1,llm_experiments_data/arrays/stanfordnlp_sst2_4_convex_comb_greedy_50_post_calib_2025-04-24.npz
stanfordnlp/sst2,4,convex_comb,greedy_50_calib_once,8,8,0.1297607421875,2.2743523531861722,0.0,1,llm_experiments_data/arrays/stanfordnlp_sst2_4_convex_comb_greedy_50_calib_once_2025-04-24.npz
stanfordnlp/sst2,4,convex_comb,greedy_50_calib_every_step,13,13,0.12827059626579285,1.8202915451895045,0.0,1,llm_experiments_data/arrays/stanfordnlp_sst2_4_convex_comb_greedy_50_calib_every_step_2025-04-24.npz
stanfordnlp/sst2,4,pure_logits,greedy_unique_5_baseline,5,5,0.14540855586528778,,,,llm_experiments_data/arrays/stanfordnlp_sst2_4_pure_logits_greedy_unique_5_baseline_2025-04-24.npz
stanfordnlp/sst2,4,pure_logits,greedy_50_baseline,50,25,0.12550859153270721,,,,llm_experiments_data/arrays/stanfordnlp_sst2_4_pure_logits_greedy_50_baseline_2025-04-24.npz
stanfordnlp/sst2,4,pure_logits,greedy_50_temp_baseline,50,25,0.12569941580295563,1.0163265306122449,,,llm_experiments_data/arrays/stanfordnlp_sst2_4_pure_logits_greedy_50_temp_baseline_2025-04-24.npz
stanfordnlp/sst2,4,pure_logits,greedy_unique_5_temp_baseline,5,5,0.14352405071258545,1.236734693877551,,,llm_experiments_data/arrays/stanfordnlp_sst2_4_pure_logits_greedy_unique_5_temp_baseline_2025-04-24.npz
stanfordnlp/sst2,4,pure_logits,greedy_unique_5_post_calib,5,5,0.13665512204170227,1.6707038733860893,0.0,1,llm_experiments_data/arrays/stanfordnlp_sst2_4_pure_logits_greedy_unique_5_post_calib_2025-04-24.npz
stanfordnlp/sst2,4,pure_logits,greedy_50_post_calib,50,25,0.12469609081745148,1.5611495210329032,0.6997084548104957,1,llm_experiments_data/arrays/stanfordnlp_sst2_4_pure_logits_greedy_50_post_calib_2025-04-24.npz
stanfordnlp/sst2,4,pure_logits,greedy_50_calib_once,6,6,0.1293809413909912,1.9450895460224906,4.674718867138692,1,llm_experiments_data/arrays/stanfordnlp_sst2_4_pure_logits_greedy_50_calib_once_2025-04-24.npz
stanfordnlp/sst2,4,pure_logits,greedy_50_calib_every_step,6,6,0.1293809413909912,1.9450895460224906,4.674718867138692,1,llm_experiments_data/arrays/stanfordnlp_sst2_4_pure_logits_greedy_50_calib_every_step_2025-04-24.npz
SetFit/mnli,0,convex_comb,greedy_unique_5_baseline,5,5,0.4036952257156372,,,,llm_experiments_data/arrays/setfit_mnli_0_convex_comb_greedy_unique_5_baseline_2025-04-24.npz
SetFit/mnli,0,convex_comb,greedy_50_baseline,50,22,0.3572167456150055,,,,llm_experiments_data/arrays/setfit_mnli_0_convex_comb_greedy_50_baseline_2025-04-24.npz
SetFit/mnli,0,convex_comb,greedy_50_temp_baseline,50,22,0.3572181761264801,1.0163265306122449,,,llm_experiments_data/arrays/setfit_mnli_0_convex_comb_greedy_50_temp_baseline_2025-04-24.npz
SetFit/mnli,0,convex_comb,greedy_unique_5_temp_baseline,5,5,0.40250563621520996,1.126530612244898,,,llm_experiments_data/arrays/setfit_mnli_0_convex_comb_greedy_unique_5_temp_baseline_2025-04-24.npz
SetFit/mnli,0,convex_comb,greedy_unique_5_post_calib,5,5,0.38531002402305603,1.573744273219492,0.0,1,llm_experiments_data/arrays/setfit_mnli_0_convex_comb_greedy_unique_5_post_calib_2025-04-24.npz
SetFit/mnli,0,convex_comb,greedy_50_post_calib,50,22,0.3532876968383789,1.53076218242399,0.0,1,llm_experiments_data/arrays/setfit_mnli_0_convex_comb_greedy_50_post_calib_2025-04-24.npz
SetFit/mnli,0,convex_comb,greedy_50_calib_once,8,8,0.35132989287376404,2.2012827988338195,0.0,1,llm_experiments_data/arrays/setfit_mnli_0_convex_comb_greedy_50_calib_once_2025-04-24.npz
SetFit/mnli,0,convex_comb,greedy_50_calib_every_step,13,13,0.34990912675857544,1.9769762598917118,0.0,1,llm_experiments_data/arrays/setfit_mnli_0_convex_comb_greedy_50_calib_every_step_2025-04-24.npz
SetFit/mnli,0,pure_logits,greedy_unique_5_baseline,5,5,0.4036952257156372,,,,llm_experiments_data/arrays/setfit_mnli_0_pure_logits_greedy_unique_5_baseline_2025-04-24.npz
SetFit/mnli,0,pure_logits,greedy_50_baseline,50,22,0.3572167456150055,,,,llm_experiments_data/arrays/setfit_mnli_0_pure_logits_greedy_50_baseline_2025-04-24.npz
SetFit/mnli,0,pure_logits,greedy_50_temp_baseline,50,22,0.3572181761264801,1.0163265306122449,,,llm_experiments_data/arrays/setfit_mnli_0_pure_logits_greedy_50_temp_baseline_2025-04-24.npz
SetFit/mnli,0,pure_logits,greedy_unique_5_temp_baseline,5,5,0.40250563621520996,1.126530612244898,,,llm_experiments_data/arrays/setfit_mnli_0_pure_logits_greedy_unique_5_temp_baseline_2025-04-24.npz
SetFit/mnli,0,pure_logits,greedy_unique_5_post_calib,5,5,0.3654084801673889,1.8804664723032072,0.36318200749687635,1,llm_experiments_data/arrays/setfit_mnli_0_pure_logits_greedy_unique_5_post_calib_2025-04-24.npz
SetFit/mnli,0,pure_logits,greedy_50_post_calib,50,22,0.34621453285217285,1.868021657642649,0.5247813411078717,1,llm_experiments_data/arrays/setfit_mnli_0_pure_logits_greedy_50_post_calib_2025-04-24.npz
SetFit/mnli,0,pure_logits,greedy_50_calib_once,6,6,0.357229620218277,2.255860058309038,1.5993336109954186,1,llm_experiments_data/arrays/setfit_mnli_0_pure_logits_greedy_50_calib_once_2025-04-24.npz
SetFit/mnli,0,pure_logits,greedy_50_calib_every_step,11,11,0.34979596734046936,2.016359850062474,1.2594752186588922,1,llm_experiments_data/arrays/setfit_mnli_0_pure_logits_greedy_50_calib_every_step_2025-04-24.npz
SetFit/mnli,1,convex_comb,greedy_unique_5_baseline,5,5,0.4077127277851105,,,,llm_experiments_data/arrays/setfit_mnli_1_convex_comb_greedy_unique_5_baseline_2025-04-24.npz
SetFit/mnli,1,convex_comb,greedy_50_baseline,50,23,0.3608095347881317,,,,llm_experiments_data/arrays/setfit_mnli_1_convex_comb_greedy_50_baseline_2025-04-24.npz
SetFit/mnli,1,convex_comb,greedy_50_temp_baseline,50,23,0.36073458194732666,1.0163265306122449,,,llm_experiments_data/arrays/setfit_mnli_1_convex_comb_greedy_50_temp_baseline_2025-04-24.npz
SetFit/mnli,1,convex_comb,greedy_unique_5_temp_baseline,5,5,0.405987411737442,1.0714285714285714,,,llm_experiments_data/arrays/setfit_mnli_1_convex_comb_greedy_unique_5_temp_baseline_2025-04-24.npz
SetFit/mnli,1,convex_comb,greedy_unique_5_post_calib,5,5,0.3886599838733673,1.543107038733861,0.0,1,llm_experiments_data/arrays/setfit_mnli_1_convex_comb_greedy_unique_5_post_calib_2025-04-24.npz
SetFit/mnli,1,convex_comb,greedy_50_post_calib,50,23,0.3563024401664734,1.5060724698042485,0.0,1,llm_experiments_data/arrays/setfit_mnli_1_convex_comb_greedy_50_post_calib_2025-04-24.npz
SetFit/mnli,1,convex_comb,greedy_50_calib_once,8,8,0.35453715920448303,2.200083298625573,0.0,1,llm_experiments_data/arrays/setfit_mnli_1_convex_comb_greedy_50_calib_once_2025-04-24.npz
SetFit/mnli,1,convex_comb,greedy_50_calib_every_step,13,13,0.35265490412712097,1.9610329029571014,0.0,1,llm_experiments_data/arrays/setfit_mnli_1_convex_comb_greedy_50_calib_every_step_2025-04-24.npz
SetFit/mnli,1,pure_logits,greedy_unique_5_baseline,5,5,0.4077127277851105,,,,llm_experiments_data/arrays/setfit_mnli_1_pure_logits_greedy_unique_5_baseline_2025-04-24.npz
SetFit/mnli,1,pure_logits,greedy_50_baseline,50,23,0.3608095347881317,,,,llm_experiments_data/arrays/setfit_mnli_1_pure_logits_greedy_50_baseline_2025-04-24.npz
SetFit/mnli,1,pure_logits,greedy_50_temp_baseline,50,23,0.36073458194732666,1.0163265306122449,,,llm_experiments_data/arrays/setfit_mnli_1_pure_logits_greedy_50_temp_baseline_2025-04-24.npz
SetFit/mnli,1,pure_logits,greedy_unique_5_temp_baseline,5,5,0.405987411737442,1.0714285714285714,,,llm_experiments_data/arrays/setfit_mnli_1_pure_logits_greedy_unique_5_temp_baseline_2025-04-24.npz
SetFit/mnli,1,pure_logits,greedy_unique_5_post_calib,5,5,0.3704667389392853,1.8388338192419824,0.3698458975426906,1,llm_experiments_data/arrays/setfit_mnli_1_pure_logits_greedy_unique_5_post_calib_2025-04-24.npz
SetFit/mnli,1,pure_logits,greedy_50_post_calib,50,23,0.34928902983665466,1.8592253227821742,0.4897959183673469,1,llm_experiments_data/arrays/setfit_mnli_1_pure_logits_greedy_50_post_calib_2025-04-24.npz
SetFit/mnli,1,pure_logits,greedy_50_calib_once,6,6,0.3596307337284088,2.2557101207830073,1.5510204081632653,1,llm_experiments_data/arrays/setfit_mnli_1_pure_logits_greedy_50_calib_once_2025-04-24.npz
SetFit/mnli,1,pure_logits,greedy_50_calib_every_step,12,12,0.35235795378685,1.9999666805497711,0.872969596001666,1,llm_experiments_data/arrays/setfit_mnli_1_pure_logits_greedy_50_calib_every_step_2025-04-24.npz
SetFit/mnli,2,convex_comb,greedy_unique_5_baseline,5,5,0.4072268605232239,,,,llm_experiments_data/arrays/setfit_mnli_2_convex_comb_greedy_unique_5_baseline_2025-04-24.npz
SetFit/mnli,2,convex_comb,greedy_50_baseline,50,22,0.3596785068511963,,,,llm_experiments_data/arrays/setfit_mnli_2_convex_comb_greedy_50_baseline_2025-04-24.npz
SetFit/mnli,2,convex_comb,greedy_50_temp_baseline,50,22,0.3595849573612213,1.0163265306122449,,,llm_experiments_data/arrays/setfit_mnli_2_convex_comb_greedy_50_temp_baseline_2025-04-24.npz
SetFit/mnli,2,convex_comb,greedy_unique_5_temp_baseline,5,5,0.40549662709236145,1.0714285714285714,,,llm_experiments_data/arrays/setfit_mnli_2_convex_comb_greedy_unique_5_temp_baseline_2025-04-24.npz
SetFit/mnli,2,convex_comb,greedy_unique_5_post_calib,5,5,0.3876948952674866,1.5609496043315287,0.0,1,llm_experiments_data/arrays/setfit_mnli_2_convex_comb_greedy_unique_5_post_calib_2025-04-24.npz
SetFit/mnli,2,convex_comb,greedy_50_post_calib,50,22,0.3549655079841614,1.543107038733861,0.0,1,llm_experiments_data/arrays/setfit_mnli_2_convex_comb_greedy_50_post_calib_2025-04-24.npz
SetFit/mnli,2,convex_comb,greedy_50_calib_once,9,9,0.35310429334640503,2.1823406913785925,0.0,1,llm_experiments_data/arrays/setfit_mnli_2_convex_comb_greedy_50_calib_once_2025-04-24.npz
SetFit/mnli,2,convex_comb,greedy_50_calib_every_step,12,12,0.3511527478694916,1.9769762598917118,0.0,1,llm_experiments_data/arrays/setfit_mnli_2_convex_comb_greedy_50_calib_every_step_2025-04-24.npz
SetFit/mnli,2,pure_logits,greedy_unique_5_baseline,5,5,0.4072268605232239,,,,llm_experiments_data/arrays/setfit_mnli_2_pure_logits_greedy_unique_5_baseline_2025-04-24.npz
SetFit/mnli,2,pure_logits,greedy_50_baseline,50,22,0.3596785068511963,,,,llm_experiments_data/arrays/setfit_mnli_2_pure_logits_greedy_50_baseline_2025-04-24.npz
SetFit/mnli,2,pure_logits,greedy_50_temp_baseline,50,22,0.3595849573612213,1.0163265306122449,,,llm_experiments_data/arrays/setfit_mnli_2_pure_logits_greedy_50_temp_baseline_2025-04-24.npz
SetFit/mnli,2,pure_logits,greedy_unique_5_temp_baseline,5,5,0.40549662709236145,1.0714285714285714,,,llm_experiments_data/arrays/setfit_mnli_2_pure_logits_greedy_unique_5_temp_baseline_2025-04-24.npz
SetFit/mnli,2,pure_logits,greedy_unique_5_post_calib,5,5,0.3678193688392639,1.8654227405247816,0.3765097875885048,1,llm_experiments_data/arrays/setfit_mnli_2_pure_logits_greedy_unique_5_post_calib_2025-04-24.npz
SetFit/mnli,2,pure_logits,greedy_50_post_calib,50,22,0.3479413688182831,1.868021657642649,0.5247813411078717,1,llm_experiments_data/arrays/setfit_mnli_2_pure_logits_greedy_50_post_calib_2025-04-24.npz
SetFit/mnli,2,pure_logits,greedy_50_calib_once,6,6,0.35953372716903687,2.2376676384839653,1.692628071636818,1,llm_experiments_data/arrays/setfit_mnli_2_pure_logits_greedy_50_calib_once_2025-04-24.npz
SetFit/mnli,2,pure_logits,greedy_50_calib_every_step,11,11,0.3517843186855316,1.9999666805497711,1.2994585589337777,1,llm_experiments_data/arrays/setfit_mnli_2_pure_logits_greedy_50_calib_every_step_2025-04-24.npz
SetFit/mnli,3,convex_comb,greedy_unique_5_baseline,5,5,0.40950116515159607,,,,llm_experiments_data/arrays/setfit_mnli_3_convex_comb_greedy_unique_5_baseline_2025-04-24.npz
SetFit/mnli,3,convex_comb,greedy_50_baseline,50,22,0.3611113131046295,,,,llm_experiments_data/arrays/setfit_mnli_3_convex_comb_greedy_50_baseline_2025-04-24.npz
SetFit/mnli,3,convex_comb,greedy_50_temp_baseline,50,22,0.3610305190086365,1.0163265306122449,,,llm_experiments_data/arrays/setfit_mnli_3_convex_comb_greedy_50_temp_baseline_2025-04-24.npz
SetFit/mnli,3,convex_comb,greedy_unique_5_temp_baseline,5,5,0.4077809453010559,1.0714285714285714,,,llm_experiments_data/arrays/setfit_mnli_3_convex_comb_greedy_unique_5_temp_baseline_2025-04-24.npz
SetFit/mnli,3,convex_comb,greedy_unique_5_post_calib,5,5,0.39011332392692566,1.5609496043315287,0.0,1,llm_experiments_data/arrays/setfit_mnli_3_convex_comb_greedy_unique_5_post_calib_2025-04-24.npz
SetFit/mnli,3,convex_comb,greedy_50_post_calib,50,22,0.35651707649230957,1.5353602665556019,0.0,1,llm_experiments_data/arrays/setfit_mnli_3_convex_comb_greedy_50_post_calib_2025-04-24.npz
SetFit/mnli,3,convex_comb,greedy_50_calib_once,8,8,0.355285108089447,2.2012827988338195,0.0,1,llm_experiments_data/arrays/setfit_mnli_3_convex_comb_greedy_50_calib_once_2025-04-24.npz
SetFit/mnli,3,convex_comb,greedy_50_calib_every_step,12,12,0.3530190885066986,1.9769762598917118,0.0,1,llm_experiments_data/arrays/setfit_mnli_3_convex_comb_greedy_50_calib_every_step_2025-04-24.npz
SetFit/mnli,3,pure_logits,greedy_unique_5_baseline,5,5,0.40950116515159607,,,,llm_experiments_data/arrays/setfit_mnli_3_pure_logits_greedy_unique_5_baseline_2025-04-24.npz
SetFit/mnli,3,pure_logits,greedy_50_baseline,50,22,0.3611113131046295,,,,llm_experiments_data/arrays/setfit_mnli_3_pure_logits_greedy_50_baseline_2025-04-24.npz
SetFit/mnli,3,pure_logits,greedy_50_temp_baseline,50,22,0.3610305190086365,1.0163265306122449,,,llm_experiments_data/arrays/setfit_mnli_3_pure_logits_greedy_50_temp_baseline_2025-04-24.npz
SetFit/mnli,3,pure_logits,greedy_unique_5_temp_baseline,5,5,0.4077809453010559,1.0714285714285714,,,llm_experiments_data/arrays/setfit_mnli_3_pure_logits_greedy_unique_5_temp_baseline_2025-04-24.npz
SetFit/mnli,3,pure_logits,greedy_unique_5_post_calib,5,5,0.3702000081539154,1.8654227405247816,0.3731778425655977,1,llm_experiments_data/arrays/setfit_mnli_3_pure_logits_greedy_unique_5_post_calib_2025-04-24.npz
SetFit/mnli,3,pure_logits,greedy_50_post_calib,50,22,0.34949836134910583,1.897259475218659,0.4897959183673469,1,llm_experiments_data/arrays/setfit_mnli_3_pure_logits_greedy_50_post_calib_2025-04-24.npz
SetFit/mnli,3,pure_logits,greedy_50_calib_once,6,6,0.36034348607063293,2.255860058309038,1.612661391087047,1,llm_experiments_data/arrays/setfit_mnli_3_pure_logits_greedy_50_calib_once_2025-04-24.npz
SetFit/mnli,3,pure_logits,greedy_50_calib_every_step,12,12,0.3533744812011719,2.032753019575177,0.9745939192003332,1,llm_experiments_data/arrays/setfit_mnli_3_pure_logits_greedy_50_calib_every_step_2025-04-24.npz
SetFit/mnli,4,convex_comb,greedy_unique_5_baseline,5,5,0.40542304515838623,,,,llm_experiments_data/arrays/setfit_mnli_4_convex_comb_greedy_unique_5_baseline_2025-04-24.npz
SetFit/mnli,4,convex_comb,greedy_50_baseline,50,22,0.35838228464126587,,,,llm_experiments_data/arrays/setfit_mnli_4_convex_comb_greedy_50_baseline_2025-04-24.npz
SetFit/mnli,4,convex_comb,greedy_50_temp_baseline,50,22,0.3582753837108612,1.0163265306122449,,,llm_experiments_data/arrays/setfit_mnli_4_convex_comb_greedy_50_temp_baseline_2025-04-24.npz
SetFit/mnli,4,convex_comb,greedy_unique_5_temp_baseline,5,5,0.40383419394493103,1.0714285714285714,,,llm_experiments_data/arrays/setfit_mnli_4_convex_comb_greedy_unique_5_temp_baseline_2025-04-24.npz
SetFit/mnli,4,convex_comb,greedy_unique_5_post_calib,5,5,0.3868405222892761,1.5353602665556019,0.0,1,llm_experiments_data/arrays/setfit_mnli_4_convex_comb_greedy_unique_5_post_calib_2025-04-24.npz
SetFit/mnli,4,convex_comb,greedy_50_post_calib,50,22,0.3536512553691864,1.5481549354435653,0.0,1,llm_experiments_data/arrays/setfit_mnli_4_convex_comb_greedy_50_post_calib_2025-04-24.npz
SetFit/mnli,4,convex_comb,greedy_50_calib_once,8,8,0.35228896141052246,2.2012827988338195,0.0,1,llm_experiments_data/arrays/setfit_mnli_4_convex_comb_greedy_50_calib_once_2025-04-24.npz
SetFit/mnli,4,convex_comb,greedy_50_calib_every_step,11,11,0.35048508644104004,2.032753019575177,0.0,1,llm_experiments_data/arrays/setfit_mnli_4_convex_comb_greedy_50_calib_every_step_2025-04-24.npz
SetFit/mnli,4,pure_logits,greedy_unique_5_baseline,5,5,0.40542304515838623,,,,llm_experiments_data/arrays/setfit_mnli_4_pure_logits_greedy_unique_5_baseline_2025-04-24.npz
SetFit/mnli,4,pure_logits,greedy_50_baseline,50,22,0.35838228464126587,,,,llm_experiments_data/arrays/setfit_mnli_4_pure_logits_greedy_50_baseline_2025-04-24.npz
SetFit/mnli,4,pure_logits,greedy_50_temp_baseline,50,22,0.3582753837108612,1.0163265306122449,,,llm_experiments_data/arrays/setfit_mnli_4_pure_logits_greedy_50_temp_baseline_2025-04-24.npz
SetFit/mnli,4,pure_logits,greedy_unique_5_temp_baseline,5,5,0.40383419394493103,1.0714285714285714,,,llm_experiments_data/arrays/setfit_mnli_4_pure_logits_greedy_unique_5_temp_baseline_2025-04-24.npz
SetFit/mnli,4,pure_logits,greedy_unique_5_post_calib,5,5,0.36792194843292236,1.8202915451895045,0.39983340274885465,1,llm_experiments_data/arrays/setfit_mnli_4_pure_logits_greedy_unique_5_post_calib_2025-04-24.npz
SetFit/mnli,4,pure_logits,greedy_50_post_calib,50,22,0.34697192907333374,1.8826155768429822,0.519783423573511,1,llm_experiments_data/arrays/setfit_mnli_4_pure_logits_greedy_50_post_calib_2025-04-24.npz
SetFit/mnli,4,pure_logits,greedy_50_calib_once,5,5,0.364339679479599,2.1823406913785925,3.305289462723865,1,llm_experiments_data/arrays/setfit_mnli_4_pure_logits_greedy_50_calib_once_2025-04-24.npz
SetFit/mnli,4,pure_logits,greedy_50_calib_every_step,11,11,0.3505405783653259,2.032753019575177,1.1795085381091213,1,llm_experiments_data/arrays/setfit_mnli_4_pure_logits_greedy_50_calib_every_step_2025-04-24.npz
